BEGIN TRANSACTION;
CREATE TABLE "movie_genre" (
	`id`	INTEGER PRIMARY KEY AUTOINCREMENT,
	`movie_id`	INTEGER,
	`genre_id`	INTEGER
);
INSERT INTO `movie_genre` VALUES (629,1292052,21),
 (630,1292052,1),
 (631,1291546,1),
 (632,1291546,4),
 (633,1291546,13),
 (634,1295644,1),
 (635,1295644,3),
 (636,1295644,21),
 (637,1292720,1),
 (638,1292720,4),
 (639,1292063,1),
 (640,1292063,2),
 (641,1292063,4),
 (642,1291561,1),
 (643,1291561,6),
 (644,1291561,23),
 (645,1295124,1),
 (646,1295124,19),
 (647,1295124,20),
 (648,1292722,1),
 (649,1292722,4),
 (650,1292722,25),
 (651,3541415,1),
 (652,3541415,3),
 (653,3541415,5),
 (654,2131459,2),
 (655,2131459,4),
 (656,2131459,5),
 (657,1292001,1),
 (658,1292001,14),
 (659,3793023,1),
 (660,3793023,2),
 (661,3793023,4),
 (662,3011091,1),
 (663,1291549,1),
 (664,1291549,14),
 (665,1292213,3),
 (666,1292213,24),
 (667,1292213,2),
 (668,1291560,6),
 (669,1291560,23),
 (670,1291841,1),
 (671,1291841,21),
 (672,1292064,1),
 (673,1292064,5),
 (674,1300267,1),
 (675,1300267,4),
 (676,1300267,20),
 (677,1291828,1),
 (678,1291828,4),
 (679,6786002,1),
 (680,6786002,2),
 (681,1849031,1),
 (682,1849031,18),
 (683,1849031,16),
 (684,1292000,1),
 (685,1292000,3),
 (686,1292000,7),
 (687,5912992,1),
 (688,1307914,1),
 (689,1307914,21),
 (690,1307914,7),
 (691,1293182,1),
 (692,3319755,1),
 (693,3319755,2),
 (694,3319755,4),
 (695,1291552,1),
 (696,1291552,3),
 (697,1291552,23),
 (698,1291583,6),
 (699,1291583,23),
 (700,1291583,24),
 (701,1929463,1),
 (702,1929463,23),
 (703,1929463,24),
 (704,1889243,1),
 (705,1889243,5),
 (706,1889243,24),
 (707,1293839,2),
 (708,1293839,1),
 (709,1293839,4),
 (710,1291858,1),
 (711,1291858,20),
 (712,1851857,1),
 (713,1851857,3),
 (714,1851857,5),
 (715,1299398,2),
 (716,1299398,3),
 (717,1299398,4),
 (718,1292365,1),
 (719,1292365,16),
 (720,1293350,1),
 (721,1293350,2),
 (722,1293350,21),
 (723,2129039,1),
 (724,2129039,2),
 (725,2129039,6),
 (726,1900841,1),
 (727,1900841,7),
 (728,1292224,1),
 (729,3442220,10),
 (730,1298624,1),
 (731,1309046,1),
 (732,1309046,3),
 (733,1309046,5),
 (734,1308807,4),
 (735,1308807,6),
 (736,1308807,23),
 (737,1299131,1),
 (738,1299131,21),
 (739,1306029,18),
 (740,1306029,1),
 (741,1291572,1),
 (742,1291572,3),
 (743,1291572,23),
 (744,1291571,1),
 (745,1291571,3),
 (746,1291571,23),
 (747,1291548,1),
 (748,1292220,1),
 (749,1292220,4),
 (750,1292215,2),
 (751,1292215,4),
 (752,1292262,21),
 (753,1292262,1),
 (754,1296141,1),
 (755,1296141,21),
 (756,1296141,7),
 (757,1292223,1),
 (758,1292223,21),
 (759,1292223,7),
 (760,1296736,1),
 (761,1296736,18),
 (762,1296736,19),
 (763,1301753,1),
 (764,1301753,6),
 (765,1301753,24),
 (766,21937445,1),
 (767,1291818,1),
 (768,1291818,16),
 (769,1787291,1),
 (770,1787291,15),
 (771,1780330,1),
 (772,1780330,7),
 (773,1780330,8),
 (774,1294639,3),
 (775,1294639,18),
 (776,1294639,1),
 (777,1303021,1),
 (778,1303021,16),
 (779,1303021,17),
 (780,1292370,1),
 (781,1292370,23),
 (782,1292370,4),
 (783,1294408,1),
 (784,1294408,4),
 (785,1294408,15),
 (786,1291832,1),
 (787,1291832,2),
 (788,1291832,21),
 (789,2149806,1),
 (790,1485260,1),
 (791,1485260,4),
 (792,1485260,23),
 (793,1293544,1),
 (794,1293544,21),
 (795,1293544,8),
 (796,1291843,3),
 (797,1291843,5),
 (798,21937452,1),
 (799,21937452,16),
 (800,1292343,1),
 (801,1292343,7),
 (802,1292343,5),
 (803,1292849,1),
 (804,1292849,19),
 (805,1292849,20),
 (806,1292402,1),
 (807,1292402,20),
 (808,1292402,12),
 (809,3072124,1),
 (810,3072124,4),
 (811,3072124,6),
 (812,25662329,2),
 (813,25662329,3),
 (814,25662329,6),
 (815,1292656,1),
 (816,1297359,3),
 (817,1297359,4),
 (818,1297359,20),
 (819,1292679,1),
 (820,1292679,4),
 (821,1292679,13),
 (822,1297630,1),
 (823,1297630,7),
 (824,1297630,9),
 (825,1291875,1),
 (826,3742360,1),
 (827,3742360,2),
 (828,3742360,3),
 (829,1418019,6),
 (830,1418019,23),
 (831,1291545,1),
 (832,1291545,16),
 (833,1291545,23),
 (834,1291999,1),
 (835,1291999,4),
 (836,1316510,2),
 (837,1316510,27),
 (838,1292208,21),
 (839,1292208,1),
 (840,4917726,1),
 (841,4917726,2),
 (842,1305164,1),
 (843,1305164,4),
 (844,2334904,1),
 (845,2334904,7),
 (846,2334904,8),
 (847,1297192,1),
 (848,1297192,7),
 (849,1297192,8),
 (850,1292434,1),
 (851,1292434,4),
 (852,1292434,16),
 (853,4268598,1),
 (854,4268598,8),
 (855,6985810,1),
 (856,1298070,3),
 (857,1298070,24),
 (858,1298070,23),
 (859,11525673,1),
 (860,11525673,2),
 (861,1418834,1),
 (862,1418834,4),
 (863,1418834,13),
 (864,1296339,1),
 (865,1296339,4),
 (866,1293172,1),
 (867,1293172,18),
 (868,1293172,19),
 (869,1652587,3),
 (870,1652587,24),
 (871,1652587,23),
 (872,1294371,2),
 (873,1294371,1),
 (874,1294371,4),
 (875,1291585,5),
 (876,1291585,6),
 (877,1291585,23),
 (878,1305487,18),
 (879,1305487,21),
 (880,1305487,1),
 (881,1291990,1),
 (882,1291990,4),
 (883,1295038,23),
 (884,1295038,24),
 (885,1297052,1),
 (886,1297052,4),
 (887,1297052,6),
 (888,1293318,6),
 (889,1293318,1),
 (890,1293318,20),
 (891,2353023,2),
 (892,2353023,6),
 (893,2353023,23),
 (894,5322596,1),
 (895,3008247,1),
 (896,3008247,20),
 (897,3443389,10),
 (898,1292274,2),
 (899,1292274,1),
 (900,1292274,4),
 (901,21318488,1),
 (902,21318488,21),
 (903,21318488,7),
 (904,1293359,1),
 (905,1293359,2),
 (906,1297447,1),
 (907,1297447,4),
 (908,1297447,26),
 (909,3287562,2),
 (910,3287562,6),
 (911,3287562,24),
 (912,1295399,3),
 (913,1295399,24),
 (914,1295399,1),
 (915,1417598,21),
 (916,1417598,7),
 (917,1417598,8),
 (918,3792799,1),
 (919,3792799,16),
 (920,1578507,3),
 (921,1578507,7),
 (922,1578507,8),
 (923,21360417,1),
 (924,21360417,21),
 (925,21360417,7),
 (926,1295865,1),
 (927,1295865,4),
 (928,1295865,22),
 (929,4202302,6),
 (930,4202302,23),
 (931,4202302,24),
 (932,1292401,2),
 (933,1292401,1),
 (934,1292401,4),
 (935,1291870,1),
 (936,2209573,1),
 (937,2209573,4),
 (938,1865703,6),
 (939,1865703,7),
 (940,1865703,5),
 (941,1296909,2),
 (942,1296909,20),
 (943,1292328,1),
 (944,1292328,3),
 (945,1292328,4),
 (946,1300299,21),
 (947,1300299,1),
 (948,1300299,7),
 (949,1304447,21),
 (950,1304447,1),
 (951,1304447,7),
 (952,1907966,2),
 (953,1907966,6),
 (954,1907966,24),
 (955,1291579,2),
 (956,1291579,6),
 (957,1291579,17),
 (958,1291822,1),
 (959,1291822,19),
 (960,1291822,20),
 (961,1978709,1),
 (962,1978709,8),
 (963,1303037,1),
 (964,1303037,2),
 (965,1303037,4),
 (966,1937946,1),
 (967,1937946,4),
 (968,1937946,5),
 (969,1293964,1),
 (970,1293964,20),
 (971,1293964,4),
 (972,1292528,21),
 (973,1292528,1),
 (974,25814705,1),
 (975,1309163,1),
 (976,1309163,4),
 (977,1302425,2),
 (978,1302425,1),
 (979,1302425,4),
 (980,1297574,3),
 (981,1297574,21),
 (982,1293460,2),
 (983,1293460,15),
 (984,1293460,4),
 (985,1418200,1),
 (986,1418200,4),
 (987,1294240,1),
 (988,1294240,21),
 (989,1300992,1),
 (990,1300992,21),
 (991,1295409,1),
 (992,1295409,2),
 (993,1295409,3),
 (994,1858711,2),
 (995,1858711,6),
 (996,1858711,23),
 (997,5989818,1),
 (998,5989818,4),
 (999,5989818,6),
 (1000,1302827,24),
 (1001,1302827,1),
 (1002,1302827,5),
 (1003,1306861,1),
 (1004,1306861,16),
 (1005,2297265,1),
 (1006,2297265,8),
 (1007,3011235,1),
 (1008,3011235,7),
 (1009,3011235,23),
 (1010,10777687,1),
 (1011,10777687,2),
 (1012,10777687,16),
 (1013,1291557,1),
 (1014,1291557,4),
 (1015,1760622,1),
 (1016,1760622,21),
 (1017,1760622,23),
 (1018,1291578,2),
 (1019,1291578,6),
 (1020,1291578,24),
 (1021,1388216,21),
 (1022,1388216,1),
 (1023,2213597,1),
 (1024,2213597,4),
 (1025,1397546,21),
 (1026,1397546,7),
 (1027,1397546,8),
 (1028,5964718,1),
 (1029,5964718,16),
 (1030,24750126,1),
 (1031,24750126,2),
 (1032,24750126,21),
 (1033,1291879,21),
 (1034,1291879,1),
 (1035,1291879,7),
 (1036,10577869,1),
 (1037,10577869,4),
 (1038,10577869,23),
 (1039,25917973,1),
 (1040,25917973,21),
 (1041,25917973,7),
 (1042,1306249,2),
 (1043,1306249,4),
 (1044,1306249,27),
 (1045,1419936,1),
 (1046,1419936,21),
 (1047,1292270,1),
 (1048,1300960,1),
 (1049,1300960,4),
 (1050,11026735,2),
 (1051,11026735,3),
 (1052,11026735,5),
 (1053,1308857,1),
 (1054,1308857,21),
 (1055,2043546,6),
 (1056,2043546,1),
 (1057,2043546,4),
 (1058,2363506,1),
 (1059,2363506,17),
 (1060,2363506,16),
 (1061,25814707,1),
 (1062,3395373,1),
 (1063,3395373,3),
 (1064,3395373,5),
 (1065,3007773,1),
 (1066,3007773,2),
 (1067,3007773,14),
 (1068,1308767,3),
 (1069,1308767,7),
 (1070,1308767,8),
 (1071,1304102,3),
 (1072,1304102,7),
 (1073,1304102,8),
 (1074,1305690,21),
 (1075,1305690,1),
 (1076,1305690,4),
 (1077,3011051,1),
 (1078,3011051,7),
 (1079,3011051,8),
 (1080,1395091,6),
 (1081,1395091,23),
 (1082,1395091,8),
 (1083,25773932,1),
 (1084,25773932,14),
 (1085,1793929,1),
 (1086,1793929,18),
 (1087,1793929,13),
 (1088,1293181,7),
 (1089,1293181,9),
 (1090,1292329,1),
 (1091,1292329,21),
 (1092,1307811,6),
 (1093,1307811,23),
 (1094,1307811,24),
 (1095,1292281,10),
 (1096,1300374,21),
 (1097,1300374,1),
 (1098,1300374,23),
 (1099,6874403,2),
 (1100,6874403,4),
 (1101,6874403,14),
 (1102,1292728,3),
 (1103,1292728,24),
 (1104,1905462,24),
 (1105,1905462,18),
 (1106,1905462,1),
 (1107,1291568,1),
 (1108,1291568,16),
 (1109,6307447,1),
 (1110,6307447,3),
 (1111,6307447,22),
 (1112,1291992,21),
 (1113,1291992,1),
 (1114,1291992,8),
 (1115,1296753,1),
 (1116,1296753,4),
 (1117,1296753,20),
 (1118,1307793,21),
 (1119,1307793,1),
 (1120,1291844,3),
 (1121,1291844,5),
 (1122,2300586,1),
 (1123,2300586,5),
 (1124,1303394,1),
 (1125,1303394,23),
 (1126,1303394,27),
 (1127,1292659,3),
 (1128,1292659,5),
 (1129,1292659,21),
 (1130,1959195,1),
 (1131,1291853,4),
 (1132,1291853,1),
 (1133,1291853,20),
 (1134,1307315,24),
 (1135,1307315,6),
 (1136,1307315,23),
 (1137,1294638,1),
 (1138,1294638,5),
 (1139,3075287,1),
 (1140,3075287,3),
 (1141,3075287,5),
 (1142,1292287,1),
 (1143,1292287,3),
 (1144,1292287,26),
 (1145,1292233,21),
 (1146,1292233,1),
 (1147,1292233,5),
 (1148,4798888,1),
 (1149,4798888,18),
 (1150,1401118,24),
 (1151,1401118,22),
 (1152,1302467,3),
 (1153,1302467,5),
 (1154,1292062,1),
 (1155,1292062,16),
 (1156,1292217,1),
 (1157,1292217,7),
 (1158,1292217,8),
 (1159,1293908,2),
 (1160,1293908,1),
 (1161,1293908,4),
 (1162,1292214,1),
 (1163,1292214,21),
 (1164,1292214,7),
 (1165,1438652,1),
 (1166,1438652,21),
 (1167,1297478,2),
 (1168,4739952,2),
 (1169,4739952,4),
 (1170,3217169,1),
 (1171,3217169,28),
 (1172,3217169,16),
 (1173,1308575,1),
 (1174,1308575,4),
 (1175,1308575,13),
 (1176,1299361,1),
 (1177,1299361,17),
 (1178,1299361,16),
 (1179,10463953,1),
 (1180,10463953,18),
 (1181,10463953,20),
 (1182,2053515,1),
 (1183,2053515,14),
 (1184,2053515,4),
 (1185,6534248,2),
 (1186,6534248,6),
 (1187,6534248,24),
 (1188,1305725,1),
 (1189,1305725,21),
 (1190,1305725,7),
 (1191,1302476,1),
 (1192,1302476,2),
 (1193,1302476,6),
 (1194,1428175,1),
 (1195,1428175,8),
 (1196,1428175,24),
 (1197,1308777,1),
 (1198,1308777,4),
 (1199,1308777,23),
 (1200,4023638,1),
 (1201,4023638,18),
 (1202,4023638,19),
 (1203,1292056,1),
 (1204,1292056,17),
 (1205,1292056,2),
 (1206,10808442,1),
 (1207,10808442,4),
 (1208,1867345,24),
 (1209,1867345,2),
 (1210,1867345,1),
 (1211,1300741,1),
 (1212,1300741,3),
 (1213,1300741,21),
 (1214,3157605,17),
 (1215,3157605,2),
 (1216,3157605,16),
 (1217,1293764,24),
 (1218,1293764,1),
 (1219,1293764,22),
 (1220,1862151,2),
 (1221,1862151,21),
 (1222,1300117,1),
 (1223,1300117,5),
 (1224,1298653,24),
 (1225,1298653,1),
 (1226,1301171,2),
 (1227,1301171,21),
 (1228,3073124,1),
 (1229,3073124,5),
 (1230,3073124,7),
 (1231,1299327,1),
 (1232,1299327,23),
 (1233,1299327,8),
 (1234,6146955,10),
 (1235,5908478,1),
 (1236,5908478,4),
 (1237,1292218,1),
 (1238,2365260,1),
 (1239,2365260,4),
 (1240,2365260,13),
 (1241,1293929,1),
 (1242,1293929,4),
 (1243,25807345,5),
 (1244,25807345,7),
 (1245,25807345,8),
 (1246,1309027,3),
 (1247,1309027,21),
 (1248,1309027,8),
 (1249,10533913,2),
 (1250,10533913,6),
 (1251,10533913,24),
 (1252,25724855,1),
 (1253,25724855,16),
 (1254,1291824,3),
 (1255,1291824,19),
 (1256,1291824,20);
CREATE TABLE "movie" (
	`id`	INTEGER,
	`alt`	TEXT,
	`year`	INTEGER,
	`title`	TEXT,
	`rating`	TEXT,
	`original_title`	TEXT,
	`directors`	TEXT,
	`casts`	TEXT,
	`image`	TEXT,
	PRIMARY KEY(`id`)
);
INSERT INTO `movie` VALUES (1291545,'https://movie.douban.com/subject/1291545/',2003,'大鱼','8.7','Big Fish','蒂姆·波顿','伊万·麦克格雷格,阿尔伯特·芬尼,比利·克鲁德普','https://img3.doubanio.com/view/movie_poster_cover/spst/public/p692813374.jpg'),
 (1291546,'https://movie.douban.com/subject/1291546/',1993,'霸王别姬','9.5','霸王别姬','陈凯歌','张国荣,张丰毅,巩俐','https://img3.doubanio.com/view/movie_poster_cover/spst/public/p1910813120.jpg'),
 (1291548,'https://movie.douban.com/subject/1291548/',1989,'死亡诗社','8.9','Dead Poets Society','彼得·威尔','罗宾·威廉姆斯,罗伯特·肖恩·莱纳德,伊桑·霍克','https://img3.doubanio.com/view/movie_poster_cover/spst/public/p1910824340.jpg'),
 (1291549,'https://movie.douban.com/subject/1291549/',2004,'放牛班的春天','9.2','Les choristes','克里斯托夫·巴拉蒂','热拉尔·朱尼奥,让-巴蒂斯特·莫尼耶,弗朗索瓦·贝莱昂','https://img3.doubanio.com/view/movie_poster_cover/spst/public/p1910824951.jpg'),
 (1291552,'https://movie.douban.com/subject/1291552/',2003,'指环王3：王者无敌','9.1','The Lord of the Rings: The Return of the King','彼得·杰克逊','维果·莫腾森,伊利亚·伍德,西恩·奥斯汀','https://img3.doubanio.com/view/movie_poster_cover/spst/public/p1910825503.jpg'),
 (1291557,'https://movie.douban.com/subject/1291557/',2000,'花样年华','8.5','花樣年華','王家卫','梁朝伟,张曼玉,潘迪华','https://img3.doubanio.com/view/movie_poster_cover/spst/public/p1910828286.jpg'),
 (1291560,'https://movie.douban.com/subject/1291560/',1988,'龙猫','9.1','となりのトトロ','宫崎骏','日高法子,坂本千夏,岛本须美','https://img1.doubanio.com/view/movie_poster_cover/spst/public/p1910829638.jpg'),
 (1291561,'https://movie.douban.com/subject/1291561/',2001,'千与千寻','9.2','千と千尋の神隠し','宫崎骏','柊瑠美,入野自由,夏木真理','https://img3.doubanio.com/view/movie_poster_cover/spst/public/p1910830216.jpg'),
 (1291568,'https://movie.douban.com/subject/1291568/',1953,'东京物语','9.2','東京物語','小津安二郎','笠智众,原节子,杉村春子','https://img3.doubanio.com/view/movie_poster_cover/spst/public/p1910832390.jpg'),
 (1291571,'https://movie.douban.com/subject/1291571/',2001,'指环王1：魔戒再现','8.9','The Lord of the Rings: The Fellowship of the Ring','彼得·杰克逊','伊利亚·伍德,西恩·奥斯汀,伊恩·麦克莱恩','https://img3.doubanio.com/view/movie_poster_cover/spst/public/p1354436051.jpg'),
 (1291572,'https://movie.douban.com/subject/1291572/',2002,'指环王2：双塔奇兵','8.9','The Lord of the Rings: The Two Towers','彼得·杰克逊','伊利亚·伍德,西恩·奥斯汀,伊恩·麦克莱恩','https://img3.doubanio.com/view/movie_poster_cover/spst/public/p909265336.jpg'),
 (1291578,'https://movie.douban.com/subject/1291578/',2002,'冰川时代','8.4','Ice Age','卡洛斯·萨尔达尼亚,克里斯·韦奇','雷·罗马诺,约翰·雷吉扎莫,丹尼斯·利瑞','https://img1.doubanio.com/view/movie_poster_cover/spst/public/p1910895719.jpg'),
 (1291579,'https://movie.douban.com/subject/1291579/',2001,'怪兽电力公司','8.6','Monsters, Inc.','彼特·道格特,大卫·斯沃曼,李·昂克里奇','约翰·古德曼,比利·克里斯托,玛丽·吉布斯','https://img1.doubanio.com/view/movie_poster_cover/spst/public/p1805127697.jpg'),
 (1291583,'https://movie.douban.com/subject/1291583/',1986,'天空之城','9','天空の城ラピュタ','宫崎骏','田中真弓,横泽启子,初井言荣','https://img1.doubanio.com/view/movie_poster_cover/spst/public/p1446261379.jpg'),
 (1291585,'https://movie.douban.com/subject/1291585/',1984,'风之谷','8.8','風の谷のナウシカ','宫崎骏','岛本须美,松田洋治,榊原良子','https://img3.doubanio.com/view/movie_poster_cover/spst/public/p1917567652.jpg'),
 (1291818,'https://movie.douban.com/subject/1291818/',1994,'饮食男女','9','飲食男女','李安','吴倩莲,杨贵媚,王渝文','https://img3.doubanio.com/view/movie_poster_cover/spst/public/p1910899751.jpg'),
 (1291822,'https://movie.douban.com/subject/1291822/',2004,'卢旺达饭店','8.8','Hotel Rwanda','特瑞·乔治','唐·钱德尔,苏菲·奥康内多,杰昆·菲尼克斯','https://img3.doubanio.com/view/movie_poster_cover/spst/public/p2159368352.jpg'),
 (1291824,'https://movie.douban.com/subject/1291824/',2001,'黑鹰坠落','8.5','Black Hawk Down','雷德利·斯科特','乔什·哈奈特,伊万·麦克格雷格,汤姆·塞兹摩尔','https://img3.doubanio.com/view/movie_poster_cover/spst/public/p1910900710.jpg'),
 (1291828,'https://movie.douban.com/subject/1291828/',1988,'天堂电影院','9.1','Nuovo Cinema Paradiso','朱塞佩·托纳多雷','安东内拉·阿蒂利,恩佐·卡拉瓦勒,艾萨·丹尼埃利','https://img3.doubanio.com/view/movie_poster_cover/spst/public/p1910901025.jpg'),
 (1291832,'https://movie.douban.com/subject/1291832/',1994,'低俗小说','8.7','Pulp Fiction','昆汀·塔伦蒂诺','约翰·特拉沃尔塔,乌玛·瑟曼,阿曼达·普拉莫','https://img3.doubanio.com/view/movie_poster_cover/spst/public/p1910902213.jpg'),
 (1291841,'https://movie.douban.com/subject/1291841/',1972,'教父','9.2','The Godfather','弗朗西斯·福特·科波拉','马龙·白兰度,阿尔·帕西诺,詹姆斯·肯恩','https://img3.doubanio.com/view/movie_poster_cover/spst/public/p1910907590.jpg'),
 (1291843,'https://movie.douban.com/subject/1291843/',1999,'黑客帝国','8.8','The Matrix','莉莉·沃卓斯基,拉娜·沃卓斯基','基努·里维斯,凯瑞-安·莫斯,劳伦斯·菲什伯恩','https://img3.doubanio.com/view/movie_poster_cover/spst/public/p1910908765.jpg'),
 (1291844,'https://movie.douban.com/subject/1291844/',1991,'终结者2：审判日','8.5','Terminator 2: Judgment Day','詹姆斯·卡梅隆','阿诺·施瓦辛格,琳达·汉密尔顿,爱德华·福隆','https://img3.doubanio.com/view/movie_poster_cover/spst/public/p1910909085.jpg'),
 (1291853,'https://movie.douban.com/subject/1291853/',1996,'英国病人','8.4','The English Patient','安东尼·明格拉','拉尔夫·费因斯,克里斯汀·斯科特·托马斯,朱丽叶·比诺什','https://img3.doubanio.com/view/movie_poster_cover/spst/public/p2408623752.jpg'),
 (1291858,'https://movie.douban.com/subject/1291858/',2000,'鬼子来了','9.2','鬼子来了','姜文','姜文,香川照之,袁丁','https://img3.doubanio.com/view/movie_poster_cover/spst/public/p1181775734.jpg'),
 (1291870,'https://movie.douban.com/subject/1291870/',1988,'雨人','8.6','Rain Man','巴瑞·莱文森','达斯汀·霍夫曼,汤姆·克鲁斯,瓦莱丽亚·戈利诺','https://img3.doubanio.com/view/movie_poster_cover/spst/public/p942376281.jpg'),
 (1291875,'https://movie.douban.com/subject/1291875/',1994,'阳光灿烂的日子','8.7','阳光灿烂的日子','姜文','夏雨,宁静,陶虹','https://img1.doubanio.com/view/movie_poster_cover/spst/public/p967457079.jpg'),
 (1291879,'https://movie.douban.com/subject/1291879/',1950,'罗生门','8.7','羅生門','黑泽明','三船敏郎,千秋实,京町子','https://img1.doubanio.com/view/movie_poster_cover/spst/public/p1864872647.jpg'),
 (1291990,'https://movie.douban.com/subject/1291990/',2004,'爱在日落黄昏时','8.7','Before Sunset','理查德·林克莱特','伊桑·霍克,朱莉·德尔佩,弗农·多布切夫','https://img3.doubanio.com/view/movie_poster_cover/spst/public/p1910924055.jpg'),
 (1291992,'https://movie.douban.com/subject/1291992/',1991,'末路狂花','8.7','Thelma & Louise','雷德利·斯科特','吉娜·戴维斯,苏珊·萨兰登,哈威·凯特尔','https://img3.doubanio.com/view/movie_poster_cover/spst/public/p794583044.jpg'),
 (1291999,'https://movie.douban.com/subject/1291999/',1994,'重庆森林','8.6','重慶森林','王家卫','林青霞,金城武,梁朝伟','https://img3.doubanio.com/view/movie_poster_cover/spst/public/p792381411.jpg'),
 (1292000,'https://movie.douban.com/subject/1292000/',1999,'搏击俱乐部','9','Fight Club','大卫·芬奇','爱德华·诺顿,布拉德·皮特,海伦娜·伯翰·卡特','https://img1.doubanio.com/view/movie_poster_cover/spst/public/p1910926158.jpg'),
 (1292001,'https://movie.douban.com/subject/1292001/',1998,'海上钢琴师','9.2','La leggenda del pianista sull''oceano','朱塞佩·托纳多雷','蒂姆·罗斯,普路特·泰勒·文斯,比尔·努恩','https://img1.doubanio.com/view/movie_poster_cover/spst/public/p511146957.jpg'),
 (1292052,'https://movie.douban.com/subject/1292052/',1994,'肖申克的救赎','9.6','The Shawshank Redemption','弗兰克·德拉邦特','蒂姆·罗宾斯,摩根·弗里曼,鲍勃·冈顿','https://img3.doubanio.com/view/movie_poster_cover/spst/public/p480747492.jpg'),
 (1292056,'https://movie.douban.com/subject/1292056/',2002,'蝴蝶','8.6','Le Papillon','费利普·弥勒','米歇尔·塞罗尔,柯莱儿·布翁尼许,娜德·蒂约','https://img3.doubanio.com/view/movie_poster_cover/spst/public/p1451436171.jpg'),
 (1292062,'https://movie.douban.com/subject/1292062/',1999,'美国丽人','8.4','American Beauty','萨姆·门德斯','凯文·史派西,安妮特·贝宁,索拉·伯奇','https://img3.doubanio.com/view/movie_poster_cover/spst/public/p571671715.jpg'),
 (1292063,'https://movie.douban.com/subject/1292063/',1997,'美丽人生','9.5','La vita è bella','罗伯托·贝尼尼','罗伯托·贝尼尼,尼可莱塔·布拉斯基,乔治·坎塔里尼','https://img3.doubanio.com/view/movie_poster_cover/spst/public/p510861873.jpg'),
 (1292064,'https://movie.douban.com/subject/1292064/',1998,'楚门的世界','9','The Truman Show','彼得·威尔','金·凯瑞,劳拉·琳妮,艾德·哈里斯','https://img3.doubanio.com/view/movie_poster_cover/spst/public/p479682972.jpg'),
 (1292208,'https://movie.douban.com/subject/1292208/',2002,'上帝之城','8.9','Cidade de Deus','卡迪亚·兰德,费尔南多·梅里尔斯','亚历桑德雷·罗德里格斯,莱安德鲁·菲尔米诺,菲利佩·哈根森','https://img3.doubanio.com/view/movie_poster_cover/spst/public/p455677490.jpg'),
 (1292213,'https://movie.douban.com/subject/1292213/',1995,'大话西游之大圣娶亲','9.2','西遊記大結局之仙履奇緣','刘镇伟','周星驰,吴孟达,朱茵','https://img3.doubanio.com/view/movie_poster_cover/spst/public/p2455050536.jpg'),
 (1292214,'https://movie.douban.com/subject/1292214/',1995,'非常嫌疑犯','8.6','The Usual Suspects','布莱恩·辛格','史蒂芬·鲍德温,加布里埃尔·伯恩,本尼西奥·德尔·托罗','https://img3.doubanio.com/view/movie_poster_cover/spst/public/p470383576.jpg'),
 (1292215,'https://movie.douban.com/subject/1292215/',2001,'天使爱美丽','8.7','Le fabuleux destin d''Amélie Poulain','让-皮埃尔·热内','奥黛丽·塔图,马修·卡索维茨,吕菲斯','https://img3.doubanio.com/view/movie_poster_cover/spst/public/p803896904.jpg'),
 (1292217,'https://movie.douban.com/subject/1292217/',2001,'穆赫兰道','8.3','Mulholland Dr.','大卫·林奇','娜奥米·沃茨,劳拉·哈灵,安·米勒','https://img3.doubanio.com/view/movie_poster_cover/spst/public/p792248233.jpg'),
 (1292218,'https://movie.douban.com/subject/1292218/',1998,'中央车站','8.7','Central do Brasil','沃尔特·塞勒斯','费尔兰德·蒙特纳哥,马里利娅·佩拉,文尼西斯·狄·奥利维拉','https://img3.doubanio.com/view/movie_poster_cover/spst/public/p2239441575.jpg'),
 (1292220,'https://movie.douban.com/subject/1292220/',1995,'情书','8.8','Love Letter','岩井俊二','中山美穗,丰川悦司,酒井美纪','https://img1.doubanio.com/view/movie_poster_cover/spst/public/p449897379.jpg'),
 (1292223,'https://movie.douban.com/subject/1292223/',1995,'七宗罪','8.7','Se7en','大卫·芬奇','摩根·弗里曼,布拉德·皮特,凯文·史派西','https://img3.doubanio.com/view/movie_poster_cover/spst/public/p457631605.jpg'),
 (1292224,'https://movie.douban.com/subject/1292224/',1975,'飞越疯人院','9','One Flew Over the Cuckoo''s Nest','米洛斯·福尔曼','杰克·尼科尔森,丹尼·德维托,克里斯托弗·洛伊德','https://img1.doubanio.com/view/movie_poster_cover/spst/public/p792238287.jpg'),
 (1292233,'https://movie.douban.com/subject/1292233/',1971,'发条橙','8.4','A Clockwork Orange','斯坦利·库布里克','马尔科姆·麦克道威尔,帕特里克·马基,迈克尔·贝茨','https://img3.doubanio.com/view/movie_poster_cover/spst/public/p529908155.jpg'),
 (1292262,'https://movie.douban.com/subject/1292262/',1984,'美国往事','9.1','Once Upon a Time in America','赛尔乔·莱翁内','罗伯特·德尼罗,詹姆斯·伍兹,伊丽莎白·麦戈文','https://img1.doubanio.com/view/movie_poster_cover/spst/public/p477229647.jpg'),
 (1292270,'https://movie.douban.com/subject/1292270/',2000,'梦之安魂曲','8.7','Requiem for a Dream','达伦·阿伦诺夫斯基','艾伦·伯斯汀,杰瑞德·莱托,詹妮弗·康纳利','https://img3.doubanio.com/view/movie_poster_cover/spst/public/p884936202.jpg'),
 (1292274,'https://movie.douban.com/subject/1292274/',2004,'幸福终点站','8.6','The Terminal','史蒂文·斯皮尔伯格','汤姆·汉克斯,凯瑟琳·泽塔-琼斯,斯坦利·图齐','https://img1.doubanio.com/view/movie_poster_cover/spst/public/p854757687.jpg'),
 (1292281,'https://movie.douban.com/subject/1292281/',2001,'迁徙的鸟','9.1','Le peuple migrateur','雅克·贝汉, 雅克·克鲁奥德,米歇尔·德巴','雅克·贝汉','https://img1.doubanio.com/view/movie_poster_cover/spst/public/p2238274168.jpg'),
 (1292287,'https://movie.douban.com/subject/1292287/',1992,'新龙门客栈','8.4','新龍門客棧','李惠民','张曼玉,林青霞,梁家辉','https://img1.doubanio.com/view/movie_poster_cover/spst/public/p1421018669.jpg'),
 (1292328,'https://movie.douban.com/subject/1292328/',1994,'东邪西毒','8.6','東邪西毒','王家卫','张国荣,张曼玉,梁朝伟','https://img3.doubanio.com/view/movie_poster_cover/spst/public/p1982176012.jpg'),
 (1292329,'https://movie.douban.com/subject/1292329/',1991,'牯岭街少年杀人事件','8.7','牯嶺街少年殺人事件','杨德昌','张震,杨静怡,张国柱','https://img3.doubanio.com/view/movie_poster_cover/spst/public/p848381236.jpg'),
 (1292343,'https://movie.douban.com/subject/1292343/',2004,'蝴蝶效应','8.7','The Butterfly Effect','埃里克·布雷斯,J·麦基·格鲁伯','阿什顿·库彻,梅罗拉·沃特斯,艾米·斯马特','https://img1.doubanio.com/view/movie_poster_cover/spst/public/p2209066019.jpg'),
 (1292365,'https://movie.douban.com/subject/1292365/',1994,'活着','9.1','活着','张艺谋','葛优,巩俐,姜武','https://img3.doubanio.com/view/movie_poster_cover/spst/public/p2173575484.jpg'),
 (1292370,'https://movie.douban.com/subject/1292370/',1990,'剪刀手爱德华','8.7','Edward Scissorhands','蒂姆·波顿','约翰尼·德普,薇诺娜·瑞德,黛安·韦斯特','https://img1.doubanio.com/view/movie_poster_cover/spst/public/p480956937.jpg'),
 (1292401,'https://movie.douban.com/subject/1292401/',2003,'真爱至上','8.5','Love Actually','理查德·柯蒂斯','休·格兰特,科林·费尔斯,艾玛·汤普森','https://img3.doubanio.com/view/movie_poster_cover/spst/public/p475600770.jpg'),
 (1292402,'https://movie.douban.com/subject/1292402/',2000,'西西里的美丽传说','8.7','Malèna','朱塞佩·托纳多雷','莫妮卡·贝鲁奇,朱塞佩·苏尔法罗,Luciano Federico','https://img3.doubanio.com/view/movie_poster_cover/spst/public/p792400696.jpg'),
 (1292434,'https://movie.douban.com/subject/1292434/',2000,'一一','8.9','一一','杨德昌','吴念真,李凯莉,金燕玲','https://img1.doubanio.com/view/movie_poster_cover/spst/public/p2119675128.jpg'),
 (1292528,'https://movie.douban.com/subject/1292528/',1996,'猜火车','8.5','Trainspotting','丹尼·博伊尔','伊万·麦克格雷格,艾文·布莱纳,约翰尼·李·米勒','https://img1.doubanio.com/view/movie_poster_cover/spst/public/p513567548.jpg'),
 (1292656,'https://movie.douban.com/subject/1292656/',1997,'心灵捕手','8.7','Good Will Hunting','格斯·范·桑特','马特·达蒙,罗宾·威廉姆斯,本·阿弗莱克','https://img3.doubanio.com/view/movie_poster_cover/spst/public/p480965695.jpg'),
 (1292659,'https://movie.douban.com/subject/1292659/',1997,'变脸','8.4','Face/Off','吴宇森','约翰·特拉沃尔塔,尼古拉斯·凯奇,琼·艾伦','https://img3.doubanio.com/view/movie_poster_cover/spst/public/p2173855883.jpg'),
 (1292679,'https://movie.douban.com/subject/1292679/',1997,'春光乍泄','8.8','春光乍洩','王家卫','张国荣,梁朝伟,张震','https://img3.doubanio.com/view/movie_poster_cover/spst/public/p465939041.jpg'),
 (1292720,'https://movie.douban.com/subject/1292720/',1994,'阿甘正传','9.4','Forrest Gump','罗伯特·泽米吉斯','汤姆·汉克斯,罗宾·怀特,加里·西尼斯','https://img1.doubanio.com/view/movie_poster_cover/spst/public/p510876377.jpg'),
 (1292722,'https://movie.douban.com/subject/1292722/',1997,'泰坦尼克号','9.2','Titanic','詹姆斯·卡梅隆','莱昂纳多·迪卡普里奥,凯特·温丝莱特,比利·赞恩','https://img3.doubanio.com/view/movie_poster_cover/spst/public/p457760035.jpg'),
 (1292728,'https://movie.douban.com/subject/1292728/',1996,'勇闯夺命岛','8.5','The Rock','迈克尔·贝','肖恩·康纳利,尼古拉斯·凯奇,艾德·哈里斯','https://img3.doubanio.com/view/movie_poster_cover/spst/public/p636048104.jpg'),
 (1292849,'https://movie.douban.com/subject/1292849/',1998,'拯救大兵瑞恩','8.8','Saving Private Ryan','史蒂文·斯皮尔伯格','汤姆·汉克斯,汤姆·塞兹摩尔,爱德华·伯恩斯','https://img3.doubanio.com/view/movie_poster_cover/spst/public/p1014542496.jpg'),
 (1293172,'https://movie.douban.com/subject/1293172/',1987,'末代皇帝','8.9','The Last Emperor','贝纳尔多·贝托鲁奇','尊龙,陈冲,彼得·奥图尔','https://img3.doubanio.com/view/movie_poster_cover/spst/public/p452088641.jpg'),
 (1293181,'https://movie.douban.com/subject/1293181/',1960,'惊魂记','8.8','Psycho','阿尔弗雷德·希区柯克','珍妮特·利,安东尼·博金斯,维拉·迈尔斯','https://img3.doubanio.com/view/movie_poster_cover/spst/public/p1021883305.jpg'),
 (1293182,'https://movie.douban.com/subject/1293182/',1957,'十二怒汉','9.4','12 Angry Men','西德尼·吕美特','亨利·方达,马丁·鲍尔萨姆,约翰·菲德勒','https://img3.doubanio.com/view/movie_poster_cover/spst/public/p2173577632.jpg'),
 (1293318,'https://movie.douban.com/subject/1293318/',1988,'萤火虫之墓','8.7','火垂るの墓','高畑勋','辰己努,白石绫乃,志乃原良子','https://img1.doubanio.com/view/movie_poster_cover/spst/public/p1157334208.jpg'),
 (1293350,'https://movie.douban.com/subject/1293350/',1998,'两杆大烟枪','9','Lock, Stock and Two Smoking Barrels','盖·里奇','杰森·弗莱明,德克斯特·弗莱彻,尼克·莫兰','https://img1.doubanio.com/view/movie_poster_cover/spst/public/p792443418.jpg'),
 (1293359,'https://movie.douban.com/subject/1293359/',1999,'菊次郎的夏天','8.7','菊次郎の夏','北野武','北野武,关口雄介,岸本加世子','https://img3.doubanio.com/view/movie_poster_cover/spst/public/p751835224.jpg'),
 (1293460,'https://movie.douban.com/subject/1293460/',1952,'雨中曲','8.9','Singin'' in the Rain','斯坦利·多南,吉恩·凯利','吉恩·凯利,唐纳德·奥康纳,黛比·雷诺斯','https://img3.doubanio.com/view/movie_poster_cover/spst/public/p1612355875.jpg'),
 (1293544,'https://movie.douban.com/subject/1293544/',1991,'沉默的羔羊','8.7','The Silence of the Lambs','乔纳森·戴米','朱迪·福斯特,安东尼·霍普金斯,斯科特·格伦','https://img1.doubanio.com/view/movie_poster_cover/spst/public/p1593414327.jpg'),
 (1293764,'https://movie.douban.com/subject/1293764/',1990,'与狼共舞','8.9','Dances with Wolves','凯文·科斯特纳','凯文·科斯特纳,玛丽·麦克唐纳,格雷厄姆·格林','https://img1.doubanio.com/view/movie_poster_cover/spst/public/p499158228.jpg'),
 (1293839,'https://movie.douban.com/subject/1293839/',1953,'罗马假日','8.9','Roman Holiday','威廉·惠勒','奥黛丽·赫本,格利高里·派克,埃迪·艾伯特','https://img3.doubanio.com/view/movie_poster_cover/spst/public/p2189265085.jpg'),
 (1293908,'https://movie.douban.com/subject/1293908/',1931,'城市之光','9.2','City Lights','查理·卓别林','查理·卓别林,弗吉尼亚·切瑞尔,佛罗伦斯·李','https://img3.doubanio.com/view/movie_poster_cover/spst/public/p2099815842.jpg'),
 (1293929,'https://movie.douban.com/subject/1293929/',1995,'廊桥遗梦','8.5','The Bridges of Madison County','克林特·伊斯特伍德','克林特·伊斯特伍德,梅丽尔·斯特里普,安妮·科利','https://img1.doubanio.com/view/movie_poster_cover/spst/public/p2190558219.jpg'),
 (1293964,'https://movie.douban.com/subject/1293964/',1940,'魂断蓝桥','8.8','Waterloo Bridge','茂文·勒鲁瓦','费雯·丽,罗伯特·泰勒,露塞尔·沃特森','https://img1.doubanio.com/view/movie_poster_cover/spst/public/p2351134499.jpg'),
 (1294240,'https://movie.douban.com/subject/1294240/',1990,'教父3','8.7','The Godfather: Part III','弗朗西斯·福特·科波拉','阿尔·帕西诺,黛安·基顿,塔莉娅·夏尔','https://img3.doubanio.com/view/movie_poster_cover/spst/public/p2169664351.jpg'),
 (1294371,'https://movie.douban.com/subject/1294371/',1936,'摩登时代','9.2','Modern Times','查理·卓别林','查理·卓别林,宝莲·高黛,亨利·伯格曼','https://img3.doubanio.com/view/movie_poster_cover/spst/public/p2173707976.jpg'),
 (1294408,'https://movie.douban.com/subject/1294408/',1965,'音乐之声','8.9','The Sound of Music','罗伯特·怀斯','朱莉·安德鲁斯,克里斯托弗·普卢默,埃琳诺·帕克','https://img1.doubanio.com/view/movie_poster_cover/spst/public/p453788577.jpg'),
 (1294638,'https://movie.douban.com/subject/1294638/',1982,'E.T. 外星人','8.5','E.T.: The Extra-Terrestrial','史蒂文·斯皮尔伯格','亨利·托马斯,迪·沃伦斯,罗伯特·麦克纳夫顿','https://img3.doubanio.com/view/movie_poster_cover/spst/public/p984732992.jpg'),
 (1294639,'https://movie.douban.com/subject/1294639/',1995,'勇敢的心','8.8','Braveheart','梅尔·吉布森','梅尔·吉布森,苏菲·玛索,布莱恩·考克斯','https://img3.doubanio.com/view/movie_poster_cover/spst/public/p1374546770.jpg'),
 (1295038,'https://movie.douban.com/subject/1295038/',2001,'哈利·波特与魔法石','8.6','Harry Potter and the Sorcerer''s Stone','克里斯·哥伦布','丹尼尔·雷德克里夫,艾玛·沃森,鲁伯特·格林特','https://img3.doubanio.com/view/movie_poster_cover/spst/public/p804947166.jpg'),
 (1295124,'https://movie.douban.com/subject/1295124/',1993,'辛德勒的名单','9.4','Schindler''s List','史蒂文·斯皮尔伯格','连姆·尼森,本·金斯利,拉尔夫·费因斯','https://img3.doubanio.com/view/movie_poster_cover/spst/public/p492406163.jpg'),
 (1295399,'https://movie.douban.com/subject/1295399/',1954,'七武士','9.2','七人の侍','黑泽明','三船敏郎,志村乔,稻叶义男','https://img3.doubanio.com/view/movie_poster_cover/spst/public/p647099823.jpg'),
 (1295409,'https://movie.douban.com/subject/1295409/',1991,'纵横四海','8.7','緃横四海','吴宇森','周润发,张国荣,钟楚红','https://img3.doubanio.com/view/movie_poster_cover/spst/public/p2173708731.jpg'),
 (1295644,'https://movie.douban.com/subject/1295644/',1994,'这个杀手不太冷','9.4','Léon','吕克·贝松','让·雷诺,娜塔莉·波特曼,加里·奥德曼','https://img3.doubanio.com/view/movie_poster_cover/spst/public/p511118051.jpg'),
 (1295865,'https://movie.douban.com/subject/1295865/',1994,'燃情岁月','8.8','Legends of the Fall','爱德华·兹威克','安东尼·霍普金斯,布拉德·皮特,朱莉娅·奥蒙德','https://img1.doubanio.com/view/movie_poster_cover/spst/public/p1023654037.jpg'),
 (1296141,'https://movie.douban.com/subject/1296141/',1957,'控方证人','9.6','Witness for the Prosecution','比利·怀德','泰隆·鲍华,玛琳·黛德丽,查尔斯·劳顿','https://img1.doubanio.com/view/movie_poster_cover/spst/public/p1505392928.jpg'),
 (1296339,'https://movie.douban.com/subject/1296339/',1995,'爱在黎明破晓前','8.7','Before Sunrise','理查德·林克莱特','伊桑·霍克,朱莉·德尔佩,安德莉亚·埃克特','https://img3.doubanio.com/view/movie_poster_cover/spst/public/p1486234122.jpg'),
 (1296736,'https://movie.douban.com/subject/1296736/',2002,'钢琴家','9','The Pianist','罗曼·波兰斯基','艾德里安·布洛迪,托马斯·克莱舒曼,艾米莉娅·福克斯','https://img3.doubanio.com/view/movie_poster_cover/spst/public/p792484461.jpg'),
 (1296753,'https://movie.douban.com/subject/1296753/',1942,'卡萨布兰卡','8.6','Casablanca','迈克尔·柯蒂斯','亨弗莱·鲍嘉,英格丽·褒曼,保罗·亨雷德','https://img3.doubanio.com/view/movie_poster_cover/spst/public/p1244791866.jpg'),
 (1296909,'https://movie.douban.com/subject/1296909/',1966,'虎口脱险','8.9','La grande vadrouille','热拉尔·乌里','路易·德·菲耐斯,布尔维尔,克劳迪奥·布鲁克','https://img3.doubanio.com/view/movie_poster_cover/spst/public/p2399597512.jpg'),
 (1297052,'https://movie.douban.com/subject/1297052/',1995,'侧耳倾听','8.8','耳をすませば','近藤喜文','本名阳子,小林桂树,高山南','https://img3.doubanio.com/view/movie_poster_cover/spst/public/p456692072.jpg'),
 (1297192,'https://movie.douban.com/subject/1297192/',2003,'致命ID','8.6','Identity','詹姆斯·曼高德','约翰·库萨克,雷·利奥塔,阿曼达·皮特','https://img3.doubanio.com/view/movie_poster_cover/spst/public/p453720880.jpg'),
 (1297359,'https://movie.douban.com/subject/1297359/',1997,'幽灵公主','8.8','もののけ姫','宫崎骏','松田洋治,石田百合子,田中裕子','https://img3.doubanio.com/view/movie_poster_cover/spst/public/p1613191025.jpg'),
 (1297447,'https://movie.douban.com/subject/1297447/',1987,'倩女幽魂','8.6','倩女幽魂','程小东','张国荣,王祖贤,午马','https://img3.doubanio.com/view/movie_poster_cover/spst/public/p2414157745.jpg'),
 (1297478,'https://movie.douban.com/subject/1297478/',1980,'上帝也疯狂','8.6','The Gods Must Be Crazy','加美·尤伊斯','Marius Weyers,Sandra Prinsloo,历苏','https://img1.doubanio.com/view/movie_poster_cover/spst/public/p2173719647.jpg'),
 (1297574,'https://movie.douban.com/subject/1297574/',1986,'英雄本色','8.7','英雄本色','吴宇森','周润发,狄龙,张国荣','https://img3.doubanio.com/view/movie_poster_cover/spst/public/p2157672975.jpg'),
 (1297630,'https://movie.douban.com/subject/1297630/',1999,'第六感','8.8','The Sixth Sense','M·奈特·沙马兰','布鲁斯·威利斯,海利·乔·奥斯蒙,托妮·科莱特','https://img3.doubanio.com/view/movie_poster_cover/spst/public/p2220184425.jpg'),
 (1298070,'https://movie.douban.com/subject/1298070/',2003,'加勒比海盗','8.6','Pirates of the Caribbean: The Curse of the Black Pearl','戈尔·维宾斯基','约翰尼·德普,杰弗里·拉什,奥兰多·布鲁姆','https://img3.doubanio.com/view/movie_poster_cover/spst/public/p1596085504.jpg'),
 (1298624,'https://movie.douban.com/subject/1298624/',1992,'闻香识女人','8.9','Scent of a Woman','马丁·布莱斯','阿尔·帕西诺,克里斯·奥唐纳,詹姆斯·瑞布霍恩','https://img1.doubanio.com/view/movie_poster_cover/spst/public/p925123037.jpg'),
 (1298653,'https://movie.douban.com/subject/1298653/',2000,'荒岛余生','8.4','Cast Away','罗伯特·泽米吉斯','汤姆·汉克斯,海伦·亨特,克里斯·诺斯','https://img1.doubanio.com/view/movie_poster_cover/spst/public/p1341248319.jpg'),
 (1299131,'https://movie.douban.com/subject/1299131/',1974,'教父2','9.1','The Godfather: Part Ⅱ','弗朗西斯·福特·科波拉','阿尔·帕西诺,罗伯特·杜瓦尔,黛安·基顿','https://img3.doubanio.com/view/movie_poster_cover/spst/public/p616779231.jpg'),
 (1299327,'https://movie.douban.com/subject/1299327/',1994,'夜访吸血鬼','8.3','Interview with the Vampire: The Vampire Chronicles','尼尔·乔丹','布拉德·皮特,汤姆·克鲁斯,克斯汀·邓斯特','https://img3.doubanio.com/view/movie_poster_cover/spst/public/p1353910572.jpg'),
 (1299361,'https://movie.douban.com/subject/1299361/',2002,'爱·回家','9','집으로...','李廷香','金艺芬,俞承豪,童孝熙','https://img3.doubanio.com/view/movie_poster_cover/spst/public/p2107418134.jpg'),
 (1299398,'https://movie.douban.com/subject/1299398/',1995,'大话西游之月光宝盒','8.9','西遊記第壹佰零壹回之月光寶盒','刘镇伟','周星驰,吴孟达,罗家英','https://img3.doubanio.com/view/movie_poster_cover/spst/public/p1280323646.jpg'),
 (1300117,'https://movie.douban.com/subject/1300117/',1997,'千钧一发','8.7','Gattaca','安德鲁·尼科尔','伊桑·霍克,乌玛·瑟曼,裘德·洛','https://img3.doubanio.com/view/movie_poster_cover/spst/public/p2195672555.jpg'),
 (1300267,'https://movie.douban.com/subject/1300267/',1939,'乱世佳人','9.2','Gone with the Wind','维克多·弗莱明,乔治·库克,山姆·伍德','克拉克·盖博,费雯·丽,莱斯利·霍华德','https://img3.doubanio.com/view/movie_poster_cover/spst/public/p1963126880.jpg'),
 (1300299,'https://movie.douban.com/subject/1300299/',2003,'杀人回忆','8.6','살인의 추억','奉俊昊','宋康昊,金相庆,金雷河','https://img1.doubanio.com/view/movie_poster_cover/spst/public/p480225538.jpg'),
 (1300374,'https://movie.douban.com/subject/1300374/',1999,'绿里奇迹','8.7','The Green Mile','弗兰克·德拉邦特','汤姆·汉克斯,大卫·摩斯,迈克·克拉克·邓肯','https://img3.doubanio.com/view/movie_poster_cover/spst/public/p767586451.jpg'),
 (1300741,'https://movie.douban.com/subject/1300741/',1999,'枪火','8.6','鎗火','杜琪峰','吴镇宇,任达华,黄秋生','https://img3.doubanio.com/view/movie_poster_cover/spst/public/p1538646661.jpg'),
 (1300960,'https://movie.douban.com/subject/1300960/',1988,'碧海蓝天','8.7','Le grand bleu','吕克·贝松','让-马克·巴尔,让·雷诺,罗姗娜·阿奎特','https://img1.doubanio.com/view/movie_poster_cover/spst/public/p455724599.jpg'),
 (1300992,'https://movie.douban.com/subject/1300992/',1993,'完美的世界','9','A Perfect World','克林特·伊斯特伍德','凯文·科斯特纳,劳拉·邓恩,克林特·伊斯特伍德','https://img3.doubanio.com/view/movie_poster_cover/spst/public/p792403691.jpg'),
 (1301171,'https://movie.douban.com/subject/1301171/',2000,'偷拐抢骗','8.5','Snatch','盖·里奇','布拉德·皮特,本尼西奥·德尔·托罗,杰森·斯坦森','https://img1.doubanio.com/view/movie_poster_cover/spst/public/p616753227.jpg'),
 (1301753,'https://movie.douban.com/subject/1301753/',1994,'狮子王','8.9','The Lion King','罗杰·阿勒斯,罗伯·明可夫','乔纳森·泰勒·托马斯,马修·布罗德里克,杰瑞米·艾恩斯','https://img1.doubanio.com/view/movie_poster_cover/spst/public/p2277799019.jpg'),
 (1302425,'https://movie.douban.com/subject/1302425/',1999,'喜剧之王','8.5','喜劇之王','周星驰,李力持','周星驰,张柏芝,莫文蔚','https://img3.doubanio.com/view/movie_poster_cover/spst/public/p1043597424.jpg'),
 (1302467,'https://movie.douban.com/subject/1302467/',2003,'黑客帝国3：矩阵革命','8.5','The Matrix Revolutions','莉莉·沃卓斯基,拉娜·沃卓斯基','基努·里维斯,劳伦斯·菲什伯恩,凯瑞-安·莫斯','https://img1.doubanio.com/view/movie_poster_cover/spst/public/p443461818.jpg'),
 (1302476,'https://movie.douban.com/subject/1302476/',2001,'麦兜故事','8.5','麥兜故事','袁建滔','李晋纬,林海峰,吴君如','https://img3.doubanio.com/view/movie_poster_cover/spst/public/p804938713.jpg'),
 (1302827,'https://movie.douban.com/subject/1302827/',2001,'人工智能','8.6','Artificial Intelligence: AI','史蒂文·斯皮尔伯格','海利·乔·奥斯蒙,弗兰西丝·奥康纳,山姆·洛巴兹','https://img1.doubanio.com/view/movie_poster_cover/spst/public/p792257137.jpg'),
 (1303021,'https://movie.douban.com/subject/1303021/',1997,'小鞋子','9.2','بچههای آسمان','马基德·马基迪','Amir Farrokh Hashemian,默罕默德·阿米尔·纳吉,Bahare Seddiqi','https://img3.doubanio.com/view/movie_poster_cover/spst/public/p2173580603.jpg'),
 (1303037,'https://movie.douban.com/subject/1303037/',1993,'喜宴','8.8','喜宴','李安','赵文瑄,归亚蕾,金素梅','https://img3.doubanio.com/view/movie_poster_cover/spst/public/p2173713676.jpg'),
 (1303394,'https://movie.douban.com/subject/1303394/',1993,'青蛇','8.4','青蛇','徐克','张曼玉,王祖贤,赵文卓','https://img3.doubanio.com/view/movie_poster_cover/spst/public/p584021784.jpg'),
 (1304102,'https://movie.douban.com/subject/1304102/',2002,'谍影重重','8.5','The Bourne Identity','道格·里曼','马特·达蒙,弗朗卡·波滕特,克里斯·库珀','https://img3.doubanio.com/view/movie_poster_cover/spst/public/p1597183981.jpg'),
 (1304447,'https://movie.douban.com/subject/1304447/',2000,'记忆碎片','8.5','Memento','克里斯托弗·诺兰','盖·皮尔斯,凯瑞-安·莫斯,乔·潘托里亚诺','https://img3.doubanio.com/view/movie_poster_cover/spst/public/p641688453.jpg'),
 (1305164,'https://movie.douban.com/subject/1305164/',1996,'甜蜜蜜','8.7','甜蜜蜜','陈可辛','黎明,张曼玉,杨恭如','https://img3.doubanio.com/view/movie_poster_cover/spst/public/p1962839732.jpg'),
 (1305487,'https://movie.douban.com/subject/1305487/',2002,'猫鼠游戏','8.7','Catch Me If You Can','史蒂文·斯皮尔伯格','莱昂纳多·迪卡普里奥,汤姆·汉克斯,克里斯托弗·沃肯','https://img3.doubanio.com/view/movie_poster_cover/spst/public/p453924541.jpg'),
 (1305690,'https://movie.douban.com/subject/1305690/',1990,'阿飞正传','8.5','阿飛正傳','王家卫','张国荣,张曼玉,刘嘉玲','https://img3.doubanio.com/view/movie_poster_cover/spst/public/p924558512.jpg'),
 (1305725,'https://movie.douban.com/subject/1305725/',2003,'大卫·戈尔的一生','8.7','The Life of David Gale','艾伦·帕克','凯文·史派西,凯特·温丝莱特,劳拉·琳妮','https://img1.doubanio.com/view/movie_poster_cover/spst/public/p2186861098.jpg'),
 (1306029,'https://movie.douban.com/subject/1306029/',2001,'美丽心灵','8.9','A Beautiful Mind','朗·霍华德','罗素·克劳,詹妮弗·康纳利,艾德·哈里斯','https://img3.doubanio.com/view/movie_poster_cover/spst/public/p1665997400.jpg'),
 (1306249,'https://movie.douban.com/subject/1306249/',1993,'唐伯虎点秋香','8.4','唐伯虎點秋香','李力持','周星驰,巩俐,陈百祥','https://img3.doubanio.com/view/movie_poster_cover/spst/public/p1946455272.jpg'),
 (1306861,'https://movie.douban.com/subject/1306861/',2001,'我是山姆','8.8','I Am Sam','杰茜·尼尔森','西恩·潘,达科塔·范宁,米歇尔·菲佛','https://img3.doubanio.com/view/movie_poster_cover/spst/public/p652417775.jpg'),
 (1307315,'https://movie.douban.com/subject/1307315/',1979,'哪吒闹海','8.8','哪吒闹海','严定宪,王树忱,徐景达','梁正晖,邱岳峰,毕克','https://img1.doubanio.com/view/movie_poster_cover/spst/public/p2163636038.jpg'),
 (1307793,'https://movie.douban.com/subject/1307793/',1996,'燕尾蝶','8.6','スワロウテイル','岩井俊二','三上博史,恰拉,伊藤步','https://img3.doubanio.com/view/movie_poster_cover/spst/public/p532195562.jpg'),
 (1307811,'https://movie.douban.com/subject/1307811/',1989,'魔女宅急便','8.4','魔女の宅急便','宫崎骏','高山南,佐久间玲,山口胜平','https://img3.doubanio.com/view/movie_poster_cover/spst/public/p456676352.jpg'),
 (1307914,'https://movie.douban.com/subject/1307914/',2002,'无间道','9','無間道','刘伟强,麦兆辉','刘德华,梁朝伟,黄秋生','https://img3.doubanio.com/view/movie_poster_cover/spst/public/p2233971046.jpg'),
 (1308575,'https://movie.douban.com/subject/1308575/',2002,'蓝色大门','8.3','藍色大門','易智言','桂纶镁,陈柏霖,梁又琳','https://img3.doubanio.com/view/movie_poster_cover/spst/public/p584822570.jpg'),
 (1308767,'https://movie.douban.com/subject/1308767/',2004,'谍影重重2','8.5','The Bourne Supremacy','保罗·格林格拉斯','马特·达蒙,弗朗卡·波滕特,布莱恩·考克斯','https://img3.doubanio.com/view/movie_poster_cover/spst/public/p667644866.jpg'),
 (1308777,'https://movie.douban.com/subject/1308777/',2004,'暖暖内含光','8.4','Eternal Sunshine of the Spotless Mind','米歇尔·贡德里','金·凯瑞,凯特·温丝莱特,伊利亚·伍德','https://img3.doubanio.com/view/movie_poster_cover/spst/public/p479565065.jpg'),
 (1308807,'https://movie.douban.com/subject/1308807/',2004,'哈尔的移动城堡','8.9','ハウルの動く城','宫崎骏','倍赏千惠子,木村拓哉,美轮明宏','https://img3.doubanio.com/view/movie_poster_cover/spst/public/p2174346180.jpg'),
 (1308857,'https://movie.douban.com/subject/1308857/',2004,'可可西里','8.6','可可西里','陆川','多布杰,张正阳,亓亮','https://img3.doubanio.com/view/movie_poster_cover/spst/public/p2363208684.jpg'),
 (1309027,'https://movie.douban.com/subject/1309027/',2005,'罪恶之城','8.4','Sin City','弗兰克·米勒,罗伯特·罗德里格兹,昆汀·塔伦蒂诺','杰西卡·阿尔芭,布鲁斯·威利斯,克里夫·欧文','https://img1.doubanio.com/view/movie_poster_cover/spst/public/p2173716829.jpg'),
 (1309046,'https://movie.douban.com/subject/1309046/',2005,'V字仇杀队','8.8','V for Vendetta','詹姆斯·麦克特格','娜塔莉·波特曼,雨果·维文,斯蒂芬·瑞','https://img3.doubanio.com/view/movie_poster_cover/spst/public/p1465235231.jpg'),
 (1309163,'https://movie.douban.com/subject/1309163/',2004,'恋恋笔记本','8.5','The Notebook','尼克·卡索维茨','瑞恩·高斯林,瑞秋·麦克亚当斯,吉娜·罗兰兹','https://img3.doubanio.com/view/movie_poster_cover/spst/public/p483604864.jpg'),
 (1316510,'https://movie.douban.com/subject/1316510/',1993,'射雕英雄传之东成西就','8.7','射鵰英雄傳之東成西就','刘镇伟','梁朝伟,林青霞,张国荣','https://img3.doubanio.com/view/movie_poster_cover/spst/public/p1993903133.jpg'),
 (1388216,'https://movie.douban.com/subject/1388216/',2004,'撞车','8.6','Crash','保罗·哈吉斯','桑德拉·布洛克,唐·钱德尔,马特·狄龙','https://img3.doubanio.com/view/movie_poster_cover/spst/public/p2075132390.jpg'),
 (1395091,'https://movie.douban.com/subject/1395091/',1997,'未麻的部屋','8.8','Perfect Blue','今敏','岩男润子,松本梨香,辻亲八','https://img3.doubanio.com/view/movie_poster_cover/spst/public/p1351050722.jpg'),
 (1397546,'https://movie.douban.com/subject/1397546/',1998,'追随','8.9','Following','克里斯托弗·诺兰','杰里米·西奥伯德,亚历克斯·霍,露西·拉塞尔','https://img1.doubanio.com/view/movie_poster_cover/spst/public/p1150103377.jpg'),
 (1401118,'https://movie.douban.com/subject/1401118/',1966,'黄金三镖客','9.1','Il buono, il brutto, il cattivo.','赛尔乔·莱翁内','克林特·伊斯特伍德,埃里·瓦拉赫,李·范·克里夫','https://img1.doubanio.com/view/movie_poster_cover/spst/public/p2101693489.jpg'),
 (1417598,'https://movie.douban.com/subject/1417598/',2004,'电锯惊魂','8.6','Saw','温子仁','雷·沃纳尔,加利·艾尔维斯,丹尼·格洛弗','https://img3.doubanio.com/view/movie_poster_cover/spst/public/p2163771304.jpg'),
 (1418019,'https://movie.douban.com/subject/1418019/',1961,'大闹天宫','9.2','大闹天宫','万籁鸣,唐澄','邱岳峰,富润生,毕克','https://img1.doubanio.com/view/movie_poster_cover/spst/public/p2184505167.jpg'),
 (1418200,'https://movie.douban.com/subject/1418200/',2005,'傲慢与偏见','8.4','Pride & Prejudice','乔·赖特','凯拉·奈特莉,马修·麦克费登,唐纳德·萨瑟兰','https://img3.doubanio.com/view/movie_poster_cover/spst/public/p452005185.jpg'),
 (1418834,'https://movie.douban.com/subject/1418834/',2005,'断背山','8.6','Brokeback Mountain','李安','希斯·莱杰,杰克·吉伦哈尔,米歇尔·威廉姆斯','https://img1.doubanio.com/view/movie_poster_cover/spst/public/p513535588.jpg'),
 (1419936,'https://movie.douban.com/subject/1419936/',2005,'战争之王','8.5','Lord of War','安德鲁·尼科尔','尼古拉斯·凯奇,布丽姬·穆娜,杰瑞德·莱托','https://img3.doubanio.com/view/movie_poster_cover/spst/public/p453719066.jpg'),
 (1428175,'https://movie.douban.com/subject/1428175/',2006,'血钻','8.5','Blood Diamond','爱德华·兹威克','莱昂纳多·迪卡普里奥,詹妮弗·康纳利,杰曼·翰苏','https://img1.doubanio.com/view/movie_poster_cover/spst/public/p554741987.jpg'),
 (1438652,'https://movie.douban.com/subject/1438652/',2009,'无耻混蛋','8.4','Inglourious Basterds','昆汀·塔伦蒂诺','布拉德·皮特,梅拉尼·罗兰,克里斯托弗·瓦尔茨','https://img3.doubanio.com/view/movie_poster_cover/spst/public/p770734475.jpg'),
 (1485260,'https://movie.douban.com/subject/1485260/',2008,'本杰明·巴顿奇事','8.7','The Curious Case of Benjamin Button','大卫·芬奇','凯特·布兰切特,布拉德·皮特,朱莉娅·奥蒙德','https://img3.doubanio.com/view/movie_poster_cover/spst/public/p2177269645.jpg'),
 (1578507,'https://movie.douban.com/subject/1578507/',2007,'谍影重重3','8.7','The Bourne Ultimatum','保罗·格林格拉斯','马特·达蒙,朱丽娅·斯蒂尔斯,大卫·斯特雷泽恩','https://img1.doubanio.com/view/movie_poster_cover/spst/public/p792223507.jpg'),
 (1652587,'https://movie.douban.com/subject/1652587/',2009,'阿凡达','8.6','Avatar','詹姆斯·卡梅隆','萨姆·沃辛顿,佐伊·索尔达娜,西格妮·韦弗','https://img1.doubanio.com/view/movie_poster_cover/spst/public/p2180085848.jpg'),
 (1760622,'https://movie.douban.com/subject/1760622/',2006,'香水','8.4','Perfume: The Story of a Murderer','汤姆·提克威','本·卫肖,艾伦·瑞克曼,蕾切儿·哈伍德','https://img1.doubanio.com/view/movie_poster_cover/spst/public/p470006658.jpg'),
 (1780330,'https://movie.douban.com/subject/1780330/',2006,'致命魔术','8.8','The Prestige','克里斯托弗·诺兰','克里斯蒂安·贝尔,休·杰克曼,迈克尔·凯恩','https://img3.doubanio.com/view/movie_poster_cover/spst/public/p480383375.jpg'),
 (1787291,'https://movie.douban.com/subject/1787291/',2006,'被嫌弃的松子的一生','8.9','嫌われ松子の一生','中岛哲也','中谷美纪,瑛太,香川照之','https://img1.doubanio.com/view/movie_poster_cover/spst/public/p453723669.jpg'),
 (1793929,'https://movie.douban.com/subject/1793929/',2013,'达拉斯买家俱乐部','8.6','Dallas Buyers Club','让-马克·瓦雷','马修·麦康纳,詹妮弗·加纳,杰瑞德·莱托','https://img1.doubanio.com/view/movie_poster_cover/spst/public/p2166160837.jpg'),
 (1849031,'https://movie.douban.com/subject/1849031/',2006,'当幸福来敲门','8.9','The Pursuit of Happyness','加布里埃莱·穆奇诺','威尔·史密斯,贾登·史密斯,坦迪·牛顿','https://img1.doubanio.com/view/movie_poster_cover/spst/public/p1312700628.jpg'),
 (1851857,'https://movie.douban.com/subject/1851857/',2008,'蝙蝠侠：黑暗骑士','9','The Dark Knight','克里斯托弗·诺兰','克里斯蒂安·贝尔,希斯·莱杰,艾伦·艾克哈特','https://img3.doubanio.com/view/movie_poster_cover/spst/public/p462657443.jpg'),
 (1858711,'https://movie.douban.com/subject/1858711/',2010,'玩具总动员3','8.7','Toy Story 3','李·昂克里奇','汤姆·汉克斯,蒂姆·艾伦,琼·库萨克','https://img1.doubanio.com/view/movie_poster_cover/spst/public/p1283675359.jpg'),
 (1862151,'https://movie.douban.com/subject/1862151/',2006,'疯狂的石头','8.2','疯狂的石头','宁浩','郭涛,刘桦,连晋','https://img3.doubanio.com/view/movie_poster_cover/spst/public/p712241453.jpg'),
 (1865703,'https://movie.douban.com/subject/1865703/',2006,'红辣椒','8.8','パプリカ','今敏','林原惠美,古谷彻,江守彻','https://img3.doubanio.com/view/movie_poster_cover/spst/public/p672363704.jpg'),
 (1867345,'https://movie.douban.com/subject/1867345/',2007,'遗愿清单','8.5','The Bucket List','罗伯·莱纳','杰克·尼科尔森,摩根·弗里曼,西恩·海耶斯','https://img3.doubanio.com/view/movie_poster_cover/spst/public/p708613284.jpg'),
 (1889243,'https://movie.douban.com/subject/1889243/',2014,'星际穿越','9.1','Interstellar','克里斯托弗·诺兰','马修·麦康纳,安妮·海瑟薇,杰西卡·查斯坦','https://img3.doubanio.com/view/movie_poster_cover/spst/public/p2206088801.jpg'),
 (1900841,'https://movie.douban.com/subject/1900841/',2006,'窃听风暴','9.1','Das Leben der Anderen','弗洛里安·亨克尔·冯·多纳斯马尔克','乌尔里希·穆埃,马蒂娜·格德克,塞巴斯蒂安·科赫','https://img1.doubanio.com/view/movie_poster_cover/spst/public/p1808872109.jpg'),
 (1905462,'https://movie.douban.com/subject/1905462/',2007,'荒野生存','8.6','Into the Wild','西恩·潘','埃米尔·赫施,马西娅·盖伊·哈登,威廉·赫特','https://img1.doubanio.com/view/movie_poster_cover/spst/public/p465687407.jpg'),
 (1907966,'https://movie.douban.com/subject/1907966/',2013,'疯狂原始人','8.7','The Croods','柯克·德·米科,克里斯·桑德斯','尼古拉斯·凯奇,瑞恩·雷诺兹,艾玛·斯通','https://img1.doubanio.com/view/movie_poster_cover/spst/public/p1867084027.jpg'),
 (1929463,'https://movie.douban.com/subject/1929463/',2012,'少年派的奇幻漂流','9','Life of Pi','李安','苏拉·沙玛,拉菲·斯波,伊尔凡·可汗','https://img3.doubanio.com/view/movie_poster_cover/spst/public/p1784592701.jpg'),
 (1937946,'https://movie.douban.com/subject/1937946/',2006,'穿越时空的少女','8.6','時をかける少女','细田守','仲里依纱,石田卓也,板仓光隆','https://img3.doubanio.com/view/movie_poster_cover/spst/public/p2079334286.jpg'),
 (1959195,'https://movie.douban.com/subject/1959195/',1987,'忠犬八公物语','9','ハチ公物語','神山征二郎','山本圭,井川比佐志,片桐入','https://img3.doubanio.com/view/movie_poster_cover/spst/public/p2297934945.jpg'),
 (1978709,'https://movie.douban.com/subject/1978709/',2010,'黑天鹅','8.5','Black Swan','达伦·阿伦诺夫斯基','娜塔莉·波特曼,米拉·库尼斯,薇诺娜·瑞德','https://img3.doubanio.com/view/movie_poster_cover/spst/public/p719282906.jpg'),
 (2043546,'https://movie.douban.com/subject/2043546/',2007,'秒速5厘米','8.3','秒速5センチメートル','新海诚','水桥研二,近藤好美 ,尾上绫华','https://img3.doubanio.com/view/movie_poster_cover/spst/public/p982896012.jpg'),
 (2053515,'https://movie.douban.com/subject/2053515/',2006,'曾经','8.3','Once','约翰·卡尼','格伦·汉塞德,玛可塔·伊尔格洛娃,Alaistair Foley','https://img3.doubanio.com/view/movie_poster_cover/spst/public/p2173720203.jpg'),
 (2129039,'https://movie.douban.com/subject/2129039/',2009,'飞屋环游记','8.9','Up','彼特·道格特','爱德华·阿斯纳,克里斯托弗·普卢默,乔丹·长井','https://img3.doubanio.com/view/movie_poster_cover/spst/public/p465583562.jpg'),
 (2131459,'https://movie.douban.com/subject/2131459/',2008,'机器人总动员','9.3','WALL·E','安德鲁·斯坦顿','本·贝尔特,艾丽莎·奈特,杰夫·格尔林','https://img3.doubanio.com/view/movie_poster_cover/spst/public/p449665982.jpg'),
 (2149806,'https://movie.douban.com/subject/2149806/',2008,'入殓师','8.8','おくりびと','泷田洋二郎','本木雅弘,广末凉子,山崎努','https://img1.doubanio.com/view/movie_poster_cover/spst/public/p594972928.jpg'),
 (2209573,'https://movie.douban.com/subject/2209573/',2008,'贫民窟的百万富翁','8.5','Slumdog Millionaire','丹尼·博伊尔,洛芙琳·坦丹','戴夫·帕特尔,芙蕾达·平托,亚尼·卡普','https://img1.doubanio.com/view/movie_poster_cover/spst/public/p470476887.jpg'),
 (2213597,'https://movie.douban.com/subject/2213597/',2008,'朗读者','8.5','The Reader','史蒂芬·戴德利','凯特·温丝莱特,拉尔夫·费因斯,大卫·克劳斯','https://img1.doubanio.com/view/movie_poster_cover/spst/public/p1140984198.jpg'),
 (2297265,'https://movie.douban.com/subject/2297265/',2008,'浪潮','8.7','Die Welle','丹尼斯·甘塞尔','于尔根·福格尔,弗雷德里克·劳,马克思·雷迈特','https://img3.doubanio.com/view/movie_poster_cover/spst/public/p1344888983.jpg'),
 (2300586,'https://movie.douban.com/subject/2300586/',2007,'这个男人来自地球','8.5','The Man from Earth','理查德·沙因克曼','大卫·李·史密斯,托尼·托德,约翰·比灵斯列','https://img3.doubanio.com/view/movie_poster_cover/spst/public/p513303986.jpg'),
 (2334904,'https://movie.douban.com/subject/2334904/',2010,'禁闭岛','8.6','Shutter Island','马丁·斯科塞斯','莱昂纳多·迪卡普里奥,马克·鲁弗洛,本·金斯利','https://img1.doubanio.com/view/movie_poster_cover/spst/public/p1832875827.jpg'),
 (2353023,'https://movie.douban.com/subject/2353023/',2010,'驯龙高手','8.7','How to Train Your Dragon','迪恩·德布洛斯,克里斯·桑德斯','杰伊·巴鲁切尔,杰拉德·巴特勒,克雷格·费格森','https://img1.doubanio.com/view/movie_poster_cover/spst/public/p450042258.jpg'),
 (2363506,'https://movie.douban.com/subject/2363506/',2007,'地球上的星星','8.8','Taare Zameen Par','阿米尔·汗','达席尔·萨法瑞,阿米尔·汗,塔奈·切赫达','https://img3.doubanio.com/view/movie_poster_cover/spst/public/p1973489335.jpg'),
 (2365260,'https://movie.douban.com/subject/2365260/',2007,'爱在暹罗','8.3','รักแห่งสยาม','楚克‧萨克瑞科','维特维斯特·海伦亚沃恩酷,马里奥·毛瑞尔,赖拉·邦雅淑','https://img1.doubanio.com/view/movie_poster_cover/spst/public/p1024585648.jpg'),
 (3007773,'https://movie.douban.com/subject/3007773/',2009,'海盗电台','8.6','The Boat That Rocked','理查德·柯蒂斯','比尔·奈伊,肯尼思·布拉纳,菲利普·塞默·霍夫曼','https://img3.doubanio.com/view/movie_poster_cover/spst/public/p769608791.jpg'),
 (3008247,'https://movie.douban.com/subject/3008247/',2008,'穿条纹睡衣的男孩','8.8','The Boy in the Striped Pajamas','马克·赫尔曼','阿萨·巴特菲尔德,维拉·法米加,大卫·休里斯','https://img3.doubanio.com/view/movie_poster_cover/spst/public/p1473670352.jpg'),
 (3011051,'https://movie.douban.com/subject/3011051/',2009,'恐怖游轮','8.3','Triangle','克里斯托弗·史密斯','梅利莎·乔治,利亚姆·海姆斯沃斯,迈克尔·多曼','https://img3.doubanio.com/view/movie_poster_cover/spst/public/p462470694.jpg'),
 (3011091,'https://movie.douban.com/subject/3011091/',2009,'忠犬八公的故事','9.2','Hachi: A Dog''s Tale','拉斯·霍尔斯道姆','理查·基尔,萨拉·罗默尔,琼·艾伦','https://img3.doubanio.com/view/movie_poster_cover/spst/public/p524964016.jpg'),
 (3011235,'https://movie.douban.com/subject/3011235/',2011,'哈利·波特与死亡圣器(下)','8.6','Harry Potter and the Deathly Hallows: Part 2','大卫·叶茨','丹尼尔·雷德克里夫,艾玛·沃森,鲁伯特·格林特','https://img3.doubanio.com/view/movie_poster_cover/spst/public/p917846733.jpg'),
 (3072124,'https://movie.douban.com/subject/3072124/',2009,'玛丽和马克思','8.9','Mary and Max','亚当·艾略特','托妮·科莱特,菲利普·塞默·霍夫曼,艾瑞克·巴纳','https://img1.doubanio.com/view/movie_poster_cover/spst/public/p1820615077.jpg'),
 (3073124,'https://movie.douban.com/subject/3073124/',2009,'月球','8.5','Moon','邓肯·琼斯','山姆·洛克威尔,凯文·史派西,多米妮克·麦克艾丽戈特','https://img3.doubanio.com/view/movie_poster_cover/spst/public/p449399746.jpg'),
 (3075287,'https://movie.douban.com/subject/3075287/',2011,'源代码','8.3','Source Code','邓肯·琼斯','杰克·吉伦哈尔,维拉·法米加,米歇尔·莫纳汉','https://img3.doubanio.com/view/movie_poster_cover/spst/public/p988260245.jpg'),
 (3157605,'https://movie.douban.com/subject/3157605/',2009,'巴黎淘气帮','8.6','Le petit Nicolas','洛朗·蒂拉尔','马克西姆·戈达尔,瓦莱丽·勒梅西埃,凯德·麦拉德','https://img1.doubanio.com/view/movie_poster_cover/spst/public/p465446537.jpg'),
 (3217169,'https://movie.douban.com/subject/3217169/',2011,'勇士','8.9','Warrior','加文·欧康诺','汤姆·哈迪,乔尔·埃哲顿,尼克·诺特','https://img3.doubanio.com/view/movie_poster_cover/spst/public/p1145536386.jpg'),
 (3287562,'https://movie.douban.com/subject/3287562/',2010,'神偷奶爸','8.5','Despicable Me','皮埃尔·科凡,克里斯·雷纳德','史蒂夫·卡瑞尔,杰森·席格尔,拉塞尔·布兰德','https://img1.doubanio.com/view/movie_poster_cover/spst/public/p792776858.jpg'),
 (3319755,'https://movie.douban.com/subject/3319755/',2010,'怦然心动','8.9','Flipped','罗伯·莱纳','玛德琳·卡罗尔,卡兰·麦克奥利菲,瑞贝卡·德·莫妮','https://img3.doubanio.com/view/movie_poster_cover/spst/public/p663036666.jpg'),
 (3395373,'https://movie.douban.com/subject/3395373/',2012,'蝙蝠侠：黑暗骑士崛起','8.5','The Dark Knight Rises','克里斯托弗·诺兰','克里斯蒂安·贝尔,汤姆·哈迪,安妮·海瑟薇','https://img3.doubanio.com/view/movie_poster_cover/spst/public/p1706428744.jpg'),
 (3442220,'https://movie.douban.com/subject/3442220/',2009,'海豚湾','9.3','The Cove','路易·西霍尤斯','John Chisholm,Mandy-Rae Cruikshank,Charles Hambleton','https://img3.doubanio.com/view/movie_poster_cover/spst/public/p455222172.jpg'),
 (3443389,'https://movie.douban.com/subject/3443389/',2009,'海洋','9','Océans','雅克·贝汉, 雅克·克鲁奥德','皮尔斯·布鲁斯南,雅克·贝汉,姜文','https://img3.doubanio.com/view/movie_poster_cover/spst/public/p497010372.jpg'),
 (3541415,'https://movie.douban.com/subject/3541415/',2010,'盗梦空间','9.2','Inception','克里斯托弗·诺兰','莱昂纳多·迪卡普里奥,约瑟夫·高登-莱维特,艾伦·佩吉','https://img3.doubanio.com/view/movie_poster_cover/spst/public/p513344864.jpg'),
 (3742360,'https://movie.douban.com/subject/3742360/',2010,'让子弹飞','8.7','让子弹飞','姜文','姜文,葛优,周润发','https://img1.doubanio.com/view/movie_poster_cover/spst/public/p1512562287.jpg'),
 (3792799,'https://movie.douban.com/subject/3792799/',2010,'岁月神偷','8.6','歲月神偷','罗启锐','吴君如,任达华,钟绍图','https://img3.doubanio.com/view/movie_poster_cover/spst/public/p456666151.jpg'),
 (3793023,'https://movie.douban.com/subject/3793023/',2009,'三傻大闹宝莱坞','9.1','3 Idiots','拉吉库马尔·希拉尼','阿米尔·汗,卡琳娜·卡普尔,马达范','https://img3.doubanio.com/view/movie_poster_cover/spst/public/p579729551.jpg'),
 (4023638,'https://movie.douban.com/subject/4023638/',2010,'国王的演讲','8.3','The King''s Speech','汤姆·霍珀','科林·费尔斯,杰弗里·拉什,海伦娜·伯翰·卡特','https://img1.doubanio.com/view/movie_poster_cover/spst/public/p768879237.jpg'),
 (4202302,'https://movie.douban.com/subject/4202302/',2010,'借东西的小人阿莉埃蒂','8.7','借りぐらしのアリエッティ','米林宏昌','志田未来,神木隆之介,三浦友和','https://img3.doubanio.com/view/movie_poster_cover/spst/public/p617533616.jpg'),
 (4268598,'https://movie.douban.com/subject/4268598/',2010,'告白','8.7','告白','中岛哲也','松隆子,冈田将生,木村佳乃','https://img3.doubanio.com/view/movie_poster_cover/spst/public/p689520756.jpg'),
 (4739952,'https://movie.douban.com/subject/4739952/',2010,'初恋这件小事','8.2','สิ่งเล็กเล็กที่เรียกว่า...รัก','普特鹏·普罗萨卡·那·萨克那卡林,华森·波克彭','马里奥·毛瑞尔,平采娜·乐维瑟派布恩,苏达拉·布查蓬','https://img3.doubanio.com/view/movie_poster_cover/spst/public/p1505312273.jpg'),
 (4798888,'https://movie.douban.com/subject/4798888/',2008,'叫我第一名','8.6','Front of the Class','彼得·维纳','詹姆斯·沃克,特里特·威廉斯,多米尼克·斯科特·凯伊','https://img3.doubanio.com/view/movie_poster_cover/spst/public/p496133870.jpg'),
 (4917726,'https://movie.douban.com/subject/4917726/',2011,'阳光姐妹淘','8.8','써니','姜炯哲','沈恩京,闵孝琳,姜素拉','https://img1.doubanio.com/view/movie_poster_cover/spst/public/p1374786017.jpg'),
 (5322596,'https://movie.douban.com/subject/5322596/',2011,'超脱','8.8','Detachment','托尼·凯耶','艾德里安·布洛迪,克里斯蒂娜·亨德里克斯,詹姆斯·肯恩','https://img3.doubanio.com/view/movie_poster_cover/spst/public/p1305562621.jpg'),
 (5908478,'https://movie.douban.com/subject/5908478/',2011,'我爱你','9','그대를 사랑합니다','秋昌旼','宋在浩,李顺载,尹秀晶','https://img1.doubanio.com/view/movie_poster_cover/spst/public/p1075591188.jpg'),
 (5912992,'https://movie.douban.com/subject/5912992/',2011,'熔炉','9.2','도가니','黄东赫','孔侑,郑有美,金志英','https://img3.doubanio.com/view/movie_poster_cover/spst/public/p1363250216.jpg'),
 (5964718,'https://movie.douban.com/subject/5964718/',2011,'一次别离','8.7','جدایی نادر از سیمین','阿斯哈·法哈蒂','佩曼·莫阿迪,蕾拉·哈塔米,萨瑞·巴亚特','https://img3.doubanio.com/view/movie_poster_cover/spst/public/p2189835254.jpg'),
 (5989818,'https://movie.douban.com/subject/5989818/',2011,'萤火之森','8.7','蛍火の杜へ','大森贵弘','佐仓绫音,内山昂辉','https://img1.doubanio.com/view/movie_poster_cover/spst/public/p1272904657.jpg'),
 (6146955,'https://movie.douban.com/subject/6146955/',2011,'寿司之神','8.8','Jiro Dreams of Sushi','大卫·贾柏','小野二郎 ,小野祯一,小野隆','https://img3.doubanio.com/view/movie_poster_cover/spst/public/p1528763106.jpg'),
 (6307447,'https://movie.douban.com/subject/6307447/',2012,'被解救的姜戈','8.5','Django Unchained','昆汀·塔伦蒂诺','杰米·福克斯,莱昂纳多·迪卡普里奥,克里斯托弗·瓦尔茨','https://img1.doubanio.com/view/movie_poster_cover/spst/public/p1959232369.jpg'),
 (6534248,'https://movie.douban.com/subject/6534248/',2012,'无敌破坏王','8.6','Wreck-It Ralph','瑞奇·摩尔','简·林奇,约翰·C·赖利,萨拉·西尔弗曼','https://img3.doubanio.com/view/movie_poster_cover/spst/public/p1735642656.jpg'),
 (6786002,'https://movie.douban.com/subject/6786002/',2011,'触不可及','9.1','Intouchables','奥利维埃·纳卡什,埃里克·托莱达诺','弗朗索瓦·克鲁塞,奥玛·希,安娜·勒尼','https://img3.doubanio.com/view/movie_poster_cover/spst/public/p1454261925.jpg'),
 (6874403,'https://movie.douban.com/subject/6874403/',2013,'再次出发之纽约遇见你','8.5','Begin Again','约翰·卡尼','凯拉·奈特莉,马克·鲁弗洛,詹姆斯·柯登','https://img3.doubanio.com/view/movie_poster_cover/spst/public/p2250287733.jpg'),
 (6985810,'https://movie.douban.com/subject/6985810/',2012,'狩猎','9','Jagten','托马斯·温特伯格','麦斯·米科尔森,托玛斯·博·拉森,安妮卡·韦德科普','https://img1.doubanio.com/view/movie_poster_cover/spst/public/p1546987967.jpg'),
 (10463953,'https://movie.douban.com/subject/10463953/',2014,'模仿游戏','8.5','The Imitation Game','莫滕·泰杜姆','本尼迪克特·康伯巴奇,凯拉·奈特莉,马修·古迪','https://img3.doubanio.com/view/movie_poster_cover/spst/public/p2255040492.jpg'),
 (10533913,'https://movie.douban.com/subject/10533913/',2015,'头脑特工队','8.7','Inside Out','彼特·道格特,罗纳尔多·德尔·卡门','艾米·波勒,菲利丝·史密斯,理查德·坎德','https://img3.doubanio.com/view/movie_poster_cover/spst/public/p2266293606.jpg'),
 (10577869,'https://movie.douban.com/subject/10577869/',2013,'时空恋旅人','8.6','About Time','理查德·柯蒂斯','多姆纳尔·格里森,瑞秋·麦克亚当斯,比尔·奈伊','https://img3.doubanio.com/view/movie_poster_cover/spst/public/p2070153774.jpg'),
 (10777687,'https://movie.douban.com/subject/10777687/',2013,'7号房的礼物','8.7','7번방의 선물','李焕庆','柳承龙,朴信惠,郑镇荣','https://img3.doubanio.com/view/movie_poster_cover/spst/public/p1816276065.jpg'),
 (10808442,'https://movie.douban.com/subject/10808442/',2013,'爱在午夜降临前','8.7','Before Midnight','理查德·林克莱特','伊桑·霍克,朱莉·德尔佩,肖姆斯·戴维-菲茨帕特里克','https://img3.doubanio.com/view/movie_poster_cover/spst/public/p2001069785.jpg'),
 (11026735,'https://movie.douban.com/subject/11026735/',2014,'超能陆战队','8.6','Big Hero 6','唐·霍尔,克里斯·威廉姆斯','斯科特·安第斯,瑞恩·波特,丹尼尔·海尼','https://img1.doubanio.com/view/movie_poster_cover/spst/public/p2224568669.jpg'),
 (11525673,'https://movie.douban.com/subject/11525673/',2014,'布达佩斯大饭店','8.7','The Grand Budapest Hotel','韦斯·安德森','拉尔夫·费因斯,托尼·雷沃罗利,艾德里安·布洛迪','https://img3.doubanio.com/view/movie_poster_cover/spst/public/p2178872593.jpg'),
 (21318488,'https://movie.douban.com/subject/21318488/',2014,'消失的爱人','8.7','Gone Girl','大卫·芬奇','本·阿弗莱克,裴淳华,尼尔·帕特里克·哈里斯','https://img3.doubanio.com/view/movie_poster_cover/spst/public/p2221768894.jpg'),
 (21360417,'https://movie.douban.com/subject/21360417/',2013,'恐怖直播','8.7','더 테러 라이브','金秉祐','河正宇,李璟荣,全慧珍','https://img3.doubanio.com/view/movie_poster_cover/spst/public/p2016930906.jpg'),
 (21937445,'https://movie.douban.com/subject/21937445/',2013,'辩护人','9.1','변호인','杨宇硕','宋康昊,吴达洙,金英爱','https://img3.doubanio.com/view/movie_poster_cover/spst/public/p2158166535.jpg'),
 (21937452,'https://movie.douban.com/subject/21937452/',2013,'素媛','9.1','소원','李濬益','薛耿求,严志媛,李来','https://img3.doubanio.com/view/movie_poster_cover/spst/public/p2118532944.jpg'),
 (24750126,'https://movie.douban.com/subject/24750126/',2014,'荒蛮故事','8.7','Relatos salvajes','达米安·斯兹弗隆','达里奥·格兰迪内蒂,玛丽娅·玛努尔,莫妮卡·比利亚','https://img3.doubanio.com/view/movie_poster_cover/spst/public/p2192834364.jpg'),
 (25662329,'https://movie.douban.com/subject/25662329/',2016,'疯狂动物城','9.2','Zootopia','拜伦·霍华德,瑞奇·摩尔,杰拉德·布什','金妮弗·古德温,杰森·贝特曼,伊德里斯·艾尔巴','https://img1.doubanio.com/view/movie_poster_cover/spst/public/p2315672647.jpg'),
 (25724855,'https://movie.douban.com/subject/25724855/',2015,'房间','8.8','Room','伦尼·阿伯拉罕森','布丽·拉尔森,雅各布·特伦布莱,琼·艾伦','https://img3.doubanio.com/view/movie_poster_cover/spst/public/p2259715855.jpg'),
 (25773932,'https://movie.douban.com/subject/25773932/',2014,'爆裂鼓手','8.6','Whiplash','达米恩·查泽雷','迈尔斯·特勒,J·K·西蒙斯,保罗·雷瑟','https://img3.doubanio.com/view/movie_poster_cover/spst/public/p2220776342.jpg'),
 (25807345,'https://movie.douban.com/subject/25807345/',2013,'彗星来的那一夜','8.4','Coherence','詹姆斯·沃德·布柯特','艾米丽·芭尔多尼,莫瑞·史特林,尼古拉斯·布兰登','https://img3.doubanio.com/view/movie_poster_cover/spst/public/p2187896711.jpg'),
 (25814705,'https://movie.douban.com/subject/25814705/',2014,'小森林 夏秋篇','8.9','リトル・フォレスト 夏・秋','森淳一','桥本爱,三浦贵大,松冈茉优','https://img3.doubanio.com/view/movie_poster_cover/spst/public/p2221319641.jpg'),
 (25814707,'https://movie.douban.com/subject/25814707/',2015,'小森林 冬春篇','8.9','リトル・フォレスト 冬・春','森淳一','桥本爱,三浦贵大,松冈茉优','https://img1.doubanio.com/view/movie_poster_cover/spst/public/p2215147728.jpg'),
 (25917973,'https://movie.douban.com/subject/25917973/',2014,'心迷宫','8.6','心迷宫','忻钰坤','霍卫民,王笑天,罗芸','https://img3.doubanio.com/view/movie_poster_cover/spst/public/p2275298525.jpg');
CREATE TABLE `genre` (
	`id`	INTEGER,
	`name`	TEXT,
	PRIMARY KEY(`id`)
);
INSERT INTO `genre` VALUES (1,'剧情'),
 (2,'喜剧'),
 (3,'动作'),
 (4,'爱情'),
 (5,'科幻'),
 (6,'动画'),
 (7,'悬疑'),
 (8,'惊悚'),
 (9,'恐怖'),
 (10,'纪录片'),
 (11,'短片'),
 (12,'情色'),
 (13,'同性'),
 (14,'音乐'),
 (15,'歌舞'),
 (16,'家庭'),
 (17,'儿童'),
 (18,'传记'),
 (19,'历史'),
 (20,'战争'),
 (21,'犯罪'),
 (22,'西部'),
 (23,'奇幻'),
 (24,'冒险'),
 (25,'灾难'),
 (26,'武侠'),
 (27,'古装'),
 (28,'运动'),
 (29,'黑色电影');
CREATE TABLE `comment` (
	`id`	INTEGER PRIMARY KEY AUTOINCREMENT,
	`movie_id`	INTEGER,
	`user`	TEXT,
	`content`	TEXT
);
INSERT INTO `comment` VALUES (13,1291545,'浅浅',' 在这世界上，只有在你所爱的人之外，才需要辨别所谓真假。生活中的事，有种种说法。所谓真相，可能是最令人乏味最让人难以接受的。而在生活外表涂上彩虹颜色的人，他们值得尊重和信赖，因为他们的爱。
        '),
 (14,1291545,'深海的心',' 我怎么没有感动？因为我没有父亲。
        '),
 (15,1291545,'若梦',' 永远不要小看别人的故事
        '),
 (16,1291545,'争争Janice',' 父亲和母亲在浴缸里静静地抱在一起，父亲走后有很多朋友为他送行，这是最让我动容的两幕。此刻，我也知道了生命对我最重要的是什么了。
        '),
 (17,1291546,'kingfish',' 不解,拍出过霸王别姬的人怎能拍出无极来
        '),
 (18,1291546,'JulyChan',' 你凝视你的脸，几亿人在爱恋。
        '),
 (19,1291546,'凯瑟琳小姐',' 这真的不是电影，而是人生。如此真实深刻地反映了从抗战前夕至文革的那段历史时期下命运凄惨的人们，渗透在每一个细节，包括那个不能忍受戏班虐打的孩子，而文革中六亲不认，人格扭曲更是展现到了极致。当然最赞的是哥哥的表演，如此悲哀可怜的蝶衣让人心痛，不疯魔不成活，人戏不分，现实的他也是如此
        '),
 (20,1291546,'文泽尔',' 往事不要再提，人生已多风雨。纵然记忆抹不去，爱与恨都还在心里。真的要断了过去，让明天好好继续，你就不必再苦苦追问他的消息。爱情他是个难题，让人目眩神迷，忘了痛或许可以，忘了你却太不容易。我对你仍有爱意我对自己无能为力。
        '),
 (21,1291548,'脸部僵硬患者',' 开场精彩，中场尽显疲态，结局来了个绝杀，最后终于反败为胜，深入我心。凶手毋庸置疑是那个“船长”，他教会了学生追求快乐，但是却没有教会他们反抗，他教学生成为一个理想主义的诗人，却没有教会他们现实的残酷。充满理想的开篇却以悲剧性的事件结尾，理想终归要回到现实，并一直被现实压制。
        '),
 (22,1291548,'昏金暗玉',' 那种一看就知道走在悬崖边上的教育方式，因为自身想要闪亮而加诸学生身上的自我形象塑造，或许是我错过了观赏的最佳年龄——对不起，我同意那著名纽约影评人当年的结论，我不喜欢，这不是一部好电影。它游走在危险的边缘而且很打擦边球地扭转了人们的价值观。
        '),
 (23,1291548,'Over5',' 烂酸装逼文艺片～Peter Weir最不Weirdの庸作，难看程度直逼怒海争锋
        '),
 (24,1291548,'眠去',' 我对后半部分很是失望
        '),
 (25,1291549,'幻',' 被那些孩子们所感动。天籁一般的童声，定是最接近上帝的存在。
        '),
 (26,1291549,'to130',' 每一个孩子都是天使！
        '),
 (27,1291549,'任晓雯',' 音乐感人
        '),
 (28,1291549,'影志',' 音乐比电影好。
        '),
 (29,1291552,'汪拾叁',' 真他妈的墨迹。
        '),
 (30,1291552,'螺丝இ',' 巨制就是巨制魔幻这题材少了美刀那不是人玩的感想如下：幽灵大军战斗力堪称最强阿拉贡你早调人马来省事好多 就是看着像清鼻涕 甘道夫你这个白袍儿怎么灰头土脸没有人家萨鲁曼当得有气势捏？精灵弓箭手萌~萌~萌~一大笑点是矮人金利 四个霍比特人就数弗罗多不讨喜这是角色设定没有办法 嫁人就嫁阿拉贡介样的人不过丽芙你脸也太长了我设定成宽屏还盛不下你的脸 有人说山姆和弗罗多其实是断背我看很有根据 所谓那会心一笑一切都明了 那额头一吻你别再敲打我心门 额我又腐了 最后压轴凯特你粲然一笑我瞬间倾倒！总结：60块收这6张D9值
        '),
 (31,1291552,'胤祥',' 04年奥斯卡陪练片都很弱，所以也没什么冤案。小金人发给三部曲，PJ拍完LOTR本来就是一件伟大的事情。鉴于电影的要求，老左怨念的“霞尔平乱”是不能有的，拍了绝B被喷成画蛇添足。当然就一部忠于原著的电影而言，PJ做得很到位了，不过要看完三本书三部片绝对需要足够的毅力和体力。
        '),
 (32,1291552,'SPYFI',' 这个是真好看，看5次了好像
        '),
 (33,1291557,'沉歌',' 这些年来我一直想问你，如果有多一张船票，你会不会跟他走？
        '),
 (34,1291557,'嘉沐難再續.K',' 在梁朝伟喂到第二声的时候，我的眼泪突然就下来了
        '),
 (35,1291557,'Yancey',' 深夜，雨巷，慢镜头；暧昧，寡欢，语还休。与君淡如水，千杯亦不醉。
        '),
 (36,1291557,'猫叔Mack',' <花样年华, 2000>：王家卫的怀旧经典，那种昏黄的色调，那样慵懒的配乐，很容易将人带入一种情绪中。在光影变换中，中年的激情和偷情的美，在张曼玉的旗袍、身线和小腿显现，在梁朝伟的头油、领带和香烟飘散。令人愉悦的忧伤，要的就是这个意淫和装逼的感觉。
        '),
 (37,1291560,'寂地',' 那音乐壮丽的响起的时候，觉得心里被一种温暖充满，然后实在控制不住眼泪了，不是因为伤心，而是因为，它给人的感觉，实在美好到无法表达了．
        '),
 (38,1291560,'Lan~die',' 龙猫，好烂漫的幻想。
消失的乡下风景、慈祥的爷爷奶奶、嬉笑追逐的儿时玩伴，是童年最纯真美好的回忆。
        '),
 (39,1291560,'芦哲峰',' 宫崎骏最感人的一部，初看平平无奇，回味一下痛彻肺腑。
        '),
 (40,1291560,'小耳朵图吗',' 可爱的小龙猫。我也想要有只瓦。
        '),
 (41,1291561,'Lin先生ღ',' 不努力工作会变成猪
        '),
 (42,1291561,'░▒▓██',' 曾发生过的事请不可能忘记 只不过是你想不起罢了
        '),
 (43,1291561,'kskxxx',' 十年后重看只想大哭，其实我们都明白这个结局。
        '),
 (44,1291561,'老鸡｜扶立',' 莫贪吃！贪吃变成猪！
        '),
 (45,1291568,'杨荔枝',' 刚到东京的时候，妈妈说：“原来东京这么近。”决定离开东京的时候，妈妈说：“东京真的太远了。”
        '),
 (46,1291568,'kskxxx',' 这世上本来就有许多令人灰心的事情。所以，还请你不要太灰心。
        '),
 (47,1291568,'junepig',' 这部电影里可以看出的东西太多了。比方说如果注意了尾道家中的鸡冠花，就会明白黑白影像为彩色影像所不能取代的魅力。母亲在热海的防波堤上说，“东京游览过了，热海也来过了，可以回家了”真是对人生非常隽永的总结啊。
        '),
 (48,1291568,'飄♦淚染霜林',' 片中的纪子，好善良美丽的女人，一个完美的日本女人。
        '),
 (49,1291571,'颜良辰',' 每次看魔戒都会被奥兰度惊艳到~
        '),
 (50,1291571,'影志',' 甘道夫掉下桥的那一刻，我真的落泪了……
        '),
 (51,1291571,'眼角的花朵',' 人性与其他生灵都有自身的脆弱性，所以，即使是选择了善，也有可以脆弱导向其他的方向，就像森林女王。更可怕的是，用恶的手段达到善良的目的，本质上的以毒攻毒，以恶抗恶，就像人类国王贡多的儿子，都是人类信念不够坚定，内心的力量越来越弱时产生的。 
        '),
 (52,1291571,'狸空',' 永远的经典
        '),
 (53,1291572,'玉子',' 其实这个故事挺弱智的。
        '),
 (54,1291572,'海樹',' 作为3步曲,比教父3部更完美!!
        '),
 (55,1291572,'影志',' “这个世上一定有某种善良，值得我们奋战到底。” 其实最喜欢这个第二部。第一部刚开始，很多故事还没展开，也没有大场面的决战；第三部大场面战斗又太过饱和，容易疲劳。所以第二部末尾的圣盔谷大战，承前启后，来的刚刚好，“各路神仙”先后登场对付萨撸曼军队，也看得最酣畅淋漓。
        '),
 (56,1291572,'大佑',' 我對電腦特技真的不那么熱衷...真的........真的.......
        '),
 (57,1291578,'不约不约',' 这是一个人类和大自然和谐共处的年代
        '),
 (58,1291578,'X',' 啊啊啊，我能为那只松鼠打十分！！！
        '),
 (59,1291578,'滚滚送李龟西',' 远古时期特有的生物种群，用并不严肃，生动可爱的方式来展现，那只松鼠承包了一整部片子的笑点。
        '),
 (60,1291578,'文泽尔',' 关于这个一个人类婴儿，一个下垂眼的剑齿虎，一只很郁闷的猛犸象以及一只古怪的饶舌的不知怎样描述的什么，还有一只不断串场的死爱松果的松鼠在路上的3d动画短片，真的是不知道萌点在哪里.故事是俗套的故事，分镜、剪辑和角度各方面没有可取之处而且还是02年的3d画面，嗯.要求过分苛刻了该打
        '),
 (61,1291579,'亵渎电影',' 买了张蓝光碟，再次重看，画质优秀了，似乎离怪物们更近了，原来毛怪10年前的毛发就这么逼真了。再次感叹皮克斯的创意和想象力，最棒的地方也就是这个创意了，皮克斯的动画片过程可能都很相似，唯独创意个个都很独特。★★★★
        '),
 (62,1291579,'Chris  一切由无聊开始',' 很好笑。比我想象的好多了。。。。。。。。。。。。。
        '),
 (63,1291579,'南條某葉',' pixar研究完毛后的完美演绎~~
        '),
 (64,1291579,'Asånant',' 就是喜欢。
        '),
 (65,1291583,'seeme | 北北',' 我看这部一直会哭，看了几次哭了几次，也不知道为了什么。总之，一看到手臂长长的铁皮人寂寥的站在那座城中，就控制不住了。
        '),
 (66,1291583,'寂地',' 不看人生不圆满!!!宫爷爷的所有电影都是!
        '),
 (67,1291583,'城南草木生',' 还是觉得这是宫崎骏最好的一部——“我会像傻瓜那样去保护她”
        '),
 (68,1291583,'海樹',' 音乐太好了
        '),
 (69,1291585,'莫呼洛迦-屁股上的青春在歌唱',' 潇洒、乐观、仁爱的女英雄，用爱拯救了自己的领土。宫崎骏的电影真的是太有启发性了，小时候也是完全没看懂。宫崎骏不管哪部电影都是在宣导爱，正义，和平，友善，人性的温暖。但，王虫真的好恶心！
        '),
 (70,1291585,'布宜諾斯',' 年纪越大，越容易对真善美消化不良
        '),
 (71,1291585,'单线程青年',' 很像幽灵公主
        '),
 (72,1291585,'曹三公子',' 宫崎骏所追求的人与自然的和谐令人动容
        '),
 (73,1291818,'萨嘎摩多熊猫桑',' 李安这次不仅把所有的细节都拍进了我的心坎，还给了一个“惊喜”。电影中复杂的菜式我们没法尝到，但他用镜头让我们把生活的酸甜苦辣都一一尝遍。最后的那个味儿，就是“幸福”，看他的电影，那也是我的幸福。
        '),
 (74,1291818,'张佳玮',' 昨天把这片子掏出来又看了遍，过去十三年看了总有三十遍了。开始是看做菜，之后看吴倩莲和赵文瑄，现在净注意杨贵媚、郎雄的小表情和归亚蕾的口音。昨天才注意到，这片平均颜值高得吓死人：三姐妹及夫婿都清爽标致，41岁的张艾嘉笑起来还有少女感。
        '),
 (75,1291818,'Q。',' “其实一家人住在一个屋檐下，照样可以各过各的日子，可是从心里产生的那种顾忌，才是一个家之所以为家的意义。”极其平淡的生活细节，但无不透尽亲情与爱意。归亚蕾那口熟悉又有趣的湘音也让我开怀。有时候，生活和烹饪是一样的道理，需要用心去投入才能做出一份好味道。★★★★
        '),
 (76,1291818,'我的苦難史30天30夜也講不完',' 我不怪我爸了。
        '),
 (77,1291822,'音五六//  Jee Zark',' 很早以前看黑镜头就知道这段历史了
片中还是侧重于胡图族对图西族的屠杀
但实际上 在图西族控制的地区 
对胡图族也发生着同样的杀戮
这是一场无法说清的事实
事实没有真相
只有荒谬的让人不可理解
人们用最原始的武器棍棒刀叉去和自己的邻居搏命
只因为他们觉得 不杀死对方对方就会来杀自己
        '),
 (78,1291822,'Q。',' 电影没有什么花哨精巧的剪辑，有的只是质朴之中最撼动人心的真实。一个真实的故事一个真正的人间炼狱。当世界遗忘他们，国家陷入疯狂的时候，一个比辛德勒更加艰辛的男人在一个人人力求自保的环境下敞开了他的双臂。记住他的名字——保罗·卢斯萨巴基纳。★★★★☆
        '),
 (79,1291822,'',' 完全的西方意识形态主导，立场和企图都值得推敲怀疑。单从艺术上也最多值3星。
        '),
 (80,1291822,'天蝎小猪',' 堪与辛德勒名单媲美的影片
        '),
 (81,1291824,'战国客',' 这里没有《拯救大兵瑞恩》的煽情回忆，也没有《现代启示录》的痛苦反思，有的只是战争，真实而残酷的战争！
        '),
 (82,1291824,'海棠一生',' 美化战争的绝对文化主义||||美国人的狭隘
        '),
 (83,1291824,'桃桃淘电影',' 发现这种突击类枪战片的翻拍总有丧尸片的气质，不怕死而且打不完。真实又恐怖的战争，弹壳如雨点般飞落。
        '),
 (84,1291824,'[已注销]',' 局部战争教材片
        '),
 (85,1291828,'老鸡｜扶立',' 没有结尾的热吻，这部片子就只能是还行
        '),
 (86,1291828,'核桃佳子',' 出去闯荡吧，永远不要回来，不要打电话，不要写信。我不要在这里跟你谈话，我要听别人谈论你。。。
        '),
 (87,1291828,'Miss Lucky',' 接吻镜头剪辑的那段最美
        '),
 (88,1291828,'方聿南',' 终于补完托纳多雷的时空三部曲，托氏的影像技法真是完美的令人叫绝，以至于总能掩盖情节上那些荒唐到有违人性本源的价值观缺陷，这真是电影魔术的最高境界，用尽极富感染力的手段，能叫观众无视长年累月积累的普世观念，扭曲理智，被人造情绪笼络。天才导演要煽动些什么，总是易如反掌。
        '),
 (89,1291832,'南桥下午睡',' 你的漫漫人生，我有多少戏份
        '),
 (90,1291832,'lisa|离',' 太正点了，那妞。。。

        '),
 (91,1291832,'JulyChan',' 忘不了Uma Thurman和John Travolta的狐步舞
        '),
 (92,1291832,'Over5',' 低俗小说，故事的高级讲法~
        '),
 (93,1291841,'裸踝',' 完了，不喜欢这个电影一定是我自己有问题，不必安慰我。
        '),
 (94,1291841,'我要去荷兰',' 当一个新生儿在教堂接受教父的洗礼时，教堂之外的死亡正在蔓延……
        '),
 (95,1291841,'硬邦邦帮主胡子',' 09年4月30号看过。当时给了两颗星评价为看不进去。今天又看了一遍， 看的格外喜欢，格外佩服。人是会变的，和生活经历有关吧
        '),
 (96,1291841,'脑残枪',' 这是唯一一部值得5星的
        '),
 (97,1291843,'夏不安',' FUCKING DAMN COOL!
        '),
 (98,1291843,'岛',' 打斗无力…
        '),
 (99,1291843,'罗弘霉素',' 这个哲学系列我只能看懂1
        '),
 (100,1291843,'♣lùlu♣',' 有人没看过么
        '),
 (101,1291844,'慢先森',' 多年以后还对水银机器人印象深刻
        '),
 (102,1291844,'德波栔斯',' 液体机器人好帅
        '),
 (103,1291844,'黑暗之光',' 谁知道3D版大陆何时上映啊？
        '),
 (104,1291844,'托尼·王大拿',' 个人心目中最伟大的科幻电影永远没有之一。
        '),
 (105,1291853,'朱林昭',' 婚外恋上了格调也是很伟大
        '),
 (106,1291853,'2013',' 我看的很没劲，不知道是不是当时心态的原因。
        '),
 (107,1291853,'影志',' In memory, love lives forever... 一直以来最爱的电影，没有之一。-“你一直戴着它？” -“是的，我一直戴着它。傻瓜，我一直爱着你。”
        '),
 (108,1291853,'魏玛德',' 不知道为什么就是喜欢
        '),
 (109,1291858,'穆先生.troj',' 禁了就禁了吧，谁让咱摊上这么个玩意呢。都别说了，妈了个B的。
        '),
 (110,1291858,'SongSongSong',' 姜文是中国的库布里克，王朔说的。影片以独特的视角揭露了日本军国主义者的凶残本性，圈内口碑不错，因没有突出某些政治派别的良好形象，迄今不能公映。
        '),
 (111,1291858,'52479│準備考雅考J,加油',' 皇军来到咱家乡地 共建大东亚共荣圈 皇军来了救苦救难
咱应该大开门户如迎亲人一般～ 八百年前咱是一家 使的一样方块字 咸菜酱汤一个味儿 有道是：打是喜欢骂是爱～“八格牙路”我不见怪 往后哇，“咪西咪西”皇～军～他给～～
        '),
 (112,1291858,'莫呼洛迦-屁股上的青春在歌唱',' 太他妈深刻了
        '),
 (113,1291870,'袁牧',' 湿了，好莱坞现在不这么拍片了
        '),
 (114,1291870,'Cherry',' 演技派与偶像派的完美结合，感人
        '),
 (115,1291870,'宇宙塑胶四狗',' Rain Man，Raymond
        '),
 (116,1291870,'小哲哲1980',' 这部片子真是经典！即使过去了三十年，现在看来仍觉得不过时，对自闭症患者的了解，以及少数患者具有的特殊能力都有了一定了解。但是最打动人的还是兄弟手足之情。
        '),
 (117,1291875,'纪恩',' 为什么你们都那么牛B地看到了时代的悲剧，我却傻B的没看出什么来？
        '),
 (118,1291875,'云上云下',' 北京人的骄矜
        '),
 (119,1291875,'巴乌',' 90年代最伟大的电影之一
        '),
 (120,1291875,'徐小花',' 那阳光，灿烂到心里
        '),
 (121,1291879,'渍',' 如果不是那一阵风
        '),
 (122,1291879,'时间之葬',' 人，不需要任何理由就要说谎
        '),
 (123,1291879,'饥饿艺术家',' 在某处电锯装修声音中看了最恐怖的那段。很惊神。受不了日本女人没眉毛。。。
        '),
 (124,1291879,'dionysus',' What the hell is the Truth?
        '),
 (125,1291990,'林||我们谈什么都像谈死！',' 如镜子一样的台词
        '),
 (126,1291990,'眠去',' 她瘦了。好爱她那件黑色小衫，后背开襟。只是从她拥抱他开始，眼泪就往下掉
        '),
 (127,1291990,'susu@23区',' 这个导演太牛了。我喜欢他们３个人一气写的台词。
        '),
 (128,1291990,'苇间疯',' 走啊说啊走啊，与一个能从婚姻、政治和理想谈到吹箫、快感和高潮的女人。整个过程，如Deja Vu，却又具象得令人发懵。回忆奇异飘渺，我会用三年的时光无间断地想念一晚上的事，却不愿用一晚上的时间去思索这三年中发生过什么。
        '),
 (129,1291992,'战国客',' “当一个女人说不要的时候，她是真的不愿意！”
        '),
 (130,1291992,'安东妮',' 太牛逼闪闪动人好看了。那一路风沙四起有多么美，越来越了不起的塞尔玛，最后世界将我包围誓死都一起壮观得犹如悬崖的婚礼
        '),
 (131,1291992,'路人X',' 这其实不是女权电影
        '),
 (132,1291992,'shu',' 我只在看公路片的时候喜欢车。
        '),
 (133,1291999,'児童症×',' 一个人哭了，你给纸巾他就行； 
　　但如果一间屋哭了，你就要做很多事情。 
        '),
 (134,1291999,'RoyKyo',' 看了28遍
        '),
 (135,1291999,'文泽尔',' 城市里的现代童话..加州住着不同的人，流泪的房子和变胖的香皂
        '),
 (136,1291999,'飞天PP猪',' 闷骚电影。
        '),
 (137,1292001,'脑残枪',' 某一天我突然明白，他不能离开的不是那艘船，而是那片养育他的精神家园
        '),
 (138,1292001,'boliang',' 给大众看的艺术家电影，很多煽情与细述很不必要，但是很多人喜欢
        '),
 (139,1292001,'Cactus',' 这么多年我还是没有看完这部高分片……从一开始的故事带出演员表演方式我就知道不是我的菜 越往下看越觉得有些刻意矫情 导演的人生哲学暂且不提 单说讲故事的方式 就像小学生作文一样刻意 那种流于表面的情感根本无法吸引我 更别说被打动了。
        '),
 (140,1292001,'白日梦小姐',' 我想有些东西只是能在特定的环境下生长。当环境变了，其他的一切都会变。
        '),
 (141,1292052,'犀牛',' 当年的奥斯卡颁奖礼上，被如日中天的《阿甘正传》掩盖了它的光彩，而随着时间的推移，这部电影在越来越多的人们心中的地位已超越了《阿甘》。每当现实令我疲惫得产生无力感，翻出这张碟，就重获力量。毫无疑问，本片位列男人必看的电影前三名！回顾那一段经典台词：“有的人的羽翼是如此光辉，即使世界上最黑暗的牢狱，也无法长久地将他围困！”
        '),
 (142,1292052,'艾小柯',' 关于希望最强有力的注释。
        '),
 (143,1292052,'理想多钱一斤啊',' Hope is a good thing, and maybe the best thing of all.
        '),
 (144,1292052,'我不绝望',' 有那么好吗？？？？？
        '),
 (145,1292056,'彌張',' 真好啊！这样的组合最可爱了！雀斑小丫实在招人爱！（这样的性格多好，不生气，不娇气，不矫情。中国有几个孩子能这样）
        '),
 (146,1292056,'理想多钱一斤啊',' 要我说这种事情在今天的中国就发生不了。我爹断断续续跟我一起看完的，看到丽莎被吊出井，直升飞机带走爷爷那一刻，说：“要不就说不能随便带人家孩子出去玩呢”。我说“小孩而非跟着的”，我爹“非跟着也不行，没有甩不掉”
        '),
 (147,1292056,'孔雀鱼',' 一部很老的电影，不过温情大抵是任何时代都不会过时的。很喜欢老爷子，很喜欢小雀斑，很喜欢那些蝴蝶。
        '),
 (148,1292056,'WAKEUPSTUPID',' 属于各自的"伊莎贝拉"
        '),
 (149,1292062,'shu',' 这糟糕的译名，误导得我之前一直不想看这部片。Y见到beauty就只知道翻译成美人！ 电影出乎意料的好，而且特别美国，凯文的笑总是让我想到，这一切没有想象的那么糟，而动了情的人眼神那么无辜，即便是“怪胎”如他们，凯文被美触动那段迷死人了。。侧线上校又印证了那句话——恐同即深柜
        '),
 (150,1292062,'le frisson™',' 美国电影最接近悲剧的处理，可惜还差那么一点点，因为好莱坞不知道什么叫做悲剧
        '),
 (151,1292062,'亵渎电影',' 中产阶级是最适合谎言的人群，他们总是可以表面上冠冕堂皇，真实的内心早就被假象掩盖了，即使旁观者都看清了，他们也不会承认，真相也许永远只有他们自己知道。讲故事点到即止最高明，总有有心人会懂得，还可以肆意联想，更添回味。人啊，总得为真实的自己活那么一回，没什么好可耻的！★★★★
        '),
 (152,1292062,'Davies',' 看起来奇怪的故事, 展示的却是真实的人性
        '),
 (153,1292063,'寄意寒星',' 或许这是我看过的最伟大的喜剧。
        '),
 (154,1292063,'海上明月',' 绝对难忘的一部片子----影片结尾美国大兵的那句 hei! boy! 叫人已经凉透了的心又感到了温暖。
        '),
 (155,1292063,'毛驴哥',' 对我说：“早上好，公主”吧
        '),
 (156,1292063,'城南草木生',' 我爸爸是四核的超人
        '),
 (157,1292064,'Jin Unrated',' 口语课看的片子 给几个J8屁话多无知又无趣的男人女人毁了。 最后看得哭了 特别是摸到墙的那一刻。而J8傻逼女人竟然笑了 我哭的更伤心了。
        '),
 (158,1292064,'SlevinAlmighty',' 每个人都向往自由而不仅仅是安定
        '),
 (159,1292064,'独行狼',' 我们的生活又何尝不是在周遭的监视下,只是缺少一个摄影棚和一大堆摄像机罢了!!
        '),
 (160,1292064,'我的苦難史30天30夜也講不完',' 楚门的心理素质太好了，直到谢幕那一刻还温文尔雅，我多想他爆粗，要换我早崩溃了
        '),
 (161,1292208,'高等游民阿朽',' 离暴力最近的人，离天堂最近。
        '),
 (162,1292208,'ζωήιδ',' “被上帝抛弃了的上帝之城”。无望之城。抢劫、杀人、贩毒、少年帮派、警匪一家……出生于此的孩子们唯有依靠信仰、爱情、音乐、教育等才有可能“飞跃贫民窟”，但在那之前，你得确保自己活着。“讲故事”的表现形式冲淡了些许戾气，如若不然，也许会残酷得让人看不下去。
        '),
 (163,1292208,'Doublebitch',' 暴力永远是贫民窟不可分割的一部分
        '),
 (164,1292208,'棉T恤',' 牙齿怎么也晒不黑
        '),
 (165,1292213,'卡特兰',' 我想，应该不用说什么才对。
        '),
 (166,1292213,'瓦达西瓦又又又桑只爱这巧克力',' 因为你还没有遇到给你三颗痣的人
        '),
 (167,1292213,'凝淇',' 我对周星驰的片子完全免疫=。=
        '),
 (168,1292213,'寂地',' 哈哈,也是我最喜欢的电影之一了.看过好几次,第一次看笑得半死,后来居然又看哭了.其实可以喜欢到不太想得起来.但是是值得永远收藏的.
        '),
 (169,1292214,'九尾黑猫',' 没觉得很好
        '),
 (170,1292214,'鱼丸粗面',' 有点失望
        '),
 (171,1292214,'袁牧',' 奥斯卡最佳剧本给的有些勉强吧，除了并不惊艳的剧情大反转以外，其他叙事方法难道不老套吗？至于所谓高智商是制片方宣传的手段吧，枝枝蔓蔓、零碎，漏洞那么多，中间猜到结局，可能是因为比同类影片出的早得缘故吧
        '),
 (172,1292214,'78gu89',' I dont believe in god, but im agraid of it.
        '),
 (173,1292215,'流浪忧伤',' 有没有人觉得和重庆深林里的王菲有点相似？
        '),
 (174,1292215,'小耳朵图吗',' 启蒙片
        '),
 (175,1292215,'李丝丝－带劲女',' 我不喜欢这个女人的
        '),
 (176,1292215,'文泽尔',' 配乐大好，剪辑大好.别的不够好. 至少不对胃口 到现在只对片子最开始的部分 也即艾米莉的自述印象深刻了 尝试做爱如何，但是感觉不太好. 那个微笑的表情
        '),
 (177,1292217,'Soblue',' 通过这部电影,我认定了自己没有看悬疑片的基因.从头到尾一直紧张和惊悚着,没有余力理解电影本身.
        '),
 (178,1292217,'雨哈☮追明天',' 不是乱七八糟重重叠叠幻想连篇就代表有深度。
        '),
 (179,1292217,'Biglaity海孩儿',' 有点故弄玄虚了
        '),
 (180,1292217,'奸腚不遗跟裆走',' 不懂
        '),
 (181,1292218,'刘小黛',' 如果有一天，等你开上了卡车，你要记住，我是第一个让你紧握方向盘的人。
        '),
 (182,1292218,'影志',' 没啥感觉的公认好片
        '),
 (183,1292218,'理想多钱一斤啊',' 什么时代我们总是还需要这样的导演和这样的电影，因为他们告诉我们不管眼前多么漆黑一片前面总有什么值得期待
        '),
 (184,1292218,'kingfish',' 我觉得一般啦.
        '),
 (185,1292220,'战国客',' 暗恋的极致
        '),
 (186,1292220,'AllenGY',' 不好意思，这么多年了，我就靠这个活着了。
        '),
 (187,1292220,'丁一',' 经不住似水流年，逃不过此间少年。彩云易散琉璃脆，水仙已乘鲤鱼去
        '),
 (188,1292220,'Ex',' 做作,太做作了,毫不留情的打个很差.
        '),
 (189,1292223,'暹罗copen',' 有人一口咬定這是部爛片，其實眼睛爛了看什麽都是爛的。
        '),
 (190,1292223,'PROMISE921',' 因为看的年代晚了 所以惊喜全无～
        '),
 (191,1292223,'[已注销]',' 结局真的很惊人。惨绝人寰……
        '),
 (192,1292223,'李丝丝－带劲女',' 还不够尽兴
        '),
 (193,1292224,'Q。',' “至少我试过了”  ★★★★
        '),
 (194,1292224,'littletwo',' 最后实在看不过去了。无法忍受赤裸裸的残酷……
        '),
 (195,1292224,'夏小昭',' 这个世界上，一切都被预先谅解了，一切也就被卑鄙的许可了。---昆德拉
        '),
 (196,1292224,'饱嗝',' 不能再经典了
        '),
 (197,1292233,'大头绿豆',' 如果人甚至没有选择邪恶的权利，那还是人吗？
        '),
 (198,1292233,'Lan~die',' 影片通过一个漫长而完满的暴力实验揭示了这样一个道理：人们对待暴力与对待行为准则的态度不经意间便自相矛盾，既反对暴力又以暴制暴，西方社会一直追寻的人性在影片中却不复存在，这使影片给人一种飘渺洪荒的感觉，而对社会政治的深刻嘲讽以及人的生活信念的崩溃与迷茫也表达着一种深切的探索精神~
        '),
 (199,1292233,'lisa|离',' 没办法。。。谁让咱假装是文艺青年呢。。。很喜欢
        '),
 (200,1292233,'影志',' “我完全康复了”
        '),
 (201,1292262,'去精神病院走走',' 美国在1984年就能拍出这样的电影，中国2084年也拍不出
        '),
 (202,1292262,'林愈静',' 姜文的阳光灿烂的日子，杨德昌的牯岭街少年杀人事件，韩国的朋友都是模仿这部
        '),
 (203,1292262,'击节',' 他的一生，是关于几个出生入死的兄弟，和一个美轮美奂的姑娘
        '),
 (204,1292262,'Q。',' 以前看的时候并不能完全理解这部电影，电影里太多的内容让自己并不能一下子就可以消化得了。重看这部近四个小时的电影，没有觉得半点枯燥沉闷，好似在翻阅一本浑厚的小说，一生中所有最重要的东西都在里面，值得慢慢回味……★★★★★
        '),
 (205,1292270,'战国客',' 最绝望的观影经历！绝望到耳不敢闻，目不敢视，心灵战栗！
        '),
 (206,1292270,'头马',' 镜头、剪辑、原声……我觉得完全没有必要回头看新浪潮之类的。。
        '),
 (207,1292270,'腐生',' 高速切转的画面让我精神紧绷，是佳作但不是我的味儿。
        '),
 (208,1292270,'看不见我',' 牛逼的嗑药大片，剪接和音效极赞
        '),
 (209,1292274,'A-sun*',' 我差点以为Tom Hanks是智障，但他其实是不抱怨，他踏实，他愿意等待。
        '),
 (210,1292274,'狷介有乌青',' 等待让人生更加丰厚和充满期待，人生由无数等待组成，等待迟来的班车，等待一次机遇，等待成功，等待老去，等待死亡。幸福没有终点站，只要活着就总会有好事发生，在逆境中仍然活的如鱼得水才是一种境界。
        '),
 (211,1292274,'meiya',' 很激励人心啊，男主角为了一个承诺被困于机场苦苦等待的9个月里时没有气馁，没有怨天尤人，没有消极愤恨，而是不停地为自己的生活去创造，改变自己生活的小环境，学习新的语言，帮助他人，利用自己的技能谋生，还追求喜欢的女人。看完获得轻松欢笑还被感动，我想打动我的是积极的人生态度以及一颗充满
        '),
 (212,1292274,'元气小姐。',' 很有趣的故事 喜欢女主。
        '),
 (213,1292281,'元',' 这是神
        '),
 (214,1292281,'宇宙真理猪大肠',' 应当感谢人类，这种心胸狭窄历史短暂而丑陋的暴发户物种，还没有在他们那些“神圣的领空”上也拉起铁丝网，尿上国旗。而陆地上那些没有翅膀的生物就没有那么幸运了。“万里长城永不倒”，还好我是只飞鸟。
        '),
 (215,1292281,'小屋乌',' Beauty！！！
        '),
 (216,1292281,'Mr.Crowley阿达',' 主要还是尼克凯夫的歌好听
                
                
        '),
 (217,1292287,'古西亦古奇',' 金镶玉，没人能超越
        '),
 (218,1292287,'kingfish',' 风情万种的老板娘叫人难忘
        '),
 (219,1292287,'沉歌',' 从古到今，多少江湖义气，英雄豪情，都是一壶好酒，一场大醉，一夜好梦。
        '),
 (220,1292287,'战国客',' 中国版的《卡萨布兰卡》~~
        '),
 (221,1292328,'dionysus',' 什么玩意儿嘛，王家卫个衰人
        '),
 (222,1292328,'泪小鱼|念。',' 给我一坛醉生梦死酒。
        '),
 (223,1292328,'暖鱼',' 090331美嘉——这样的片子还是不适合在电影院看——人多的时候看这样的电影，就是一个旁观者。
        '),
 (224,1292328,'吕蕤冰',' 为啥评价这么高？
        '),
 (225,1292329,'小岩菽',' 四小时冒油。五十年代台北群像。十四岁的张震。发力的杨德昌。成长编年史。黑暗中闪光。再回首，青春的轨迹依然明晰到深深嵌入地表，但那种鲜明和深刻是根本由不得人再走一遍。每一个时代都有各自的悲哀和伟大，卑微的人弯着脊背，聆听风雷，勇敢而纯洁的人拿身体和理想叩问苍天，从内部上升或陨落。
        '),
 (226,1292329,'Kévin',' 外国人一定觉得中国人长得都差不多。
        '),
 (227,1292329,'喵仔',' 张震小时候好萌...小明同学你好丑
        '),
 (228,1292329,'nadja',' 没什么好看的,时间特长,很闷,还不是我喜欢的闷
        '),
 (229,1292343,'蹦挪挪',' 从他第一次的人生来看，其实他并没有那么喜欢Kelly阿
        '),
 (230,1292343,'九尾黑猫',' 毫无逻辑可言的故事，完全靠结构，没有灵魂。看完了觉得浪费时间。。。
        '),
 (231,1292343,'暖鱼',' 过去能救赎吗？或只能放弃执念，放眼向前。
        '),
 (232,1292343,'影志',' 命中注定的事情，释然去面对吧，放下过去，才有未来…即便你握着人生遥控器，也未必能遥出一个完美的人生。
        '),
 (233,1292365,'SongSongSong',' 张艺谋最好的一部。获戛纳国际电影节评委会奖和男演员奖。根据余华小说改编，表现人在极端艰难的生存环境下可悲的顽强和坚韧，因诋毁社会主义法制，诋毁政党执政能力，迄今不能公映。
        '),
 (234,1292365,'狷介有乌青',' 一个时代有一个时代的悲哀和可笑，你能在别人心酸的故事中读出些许温情，也能从自己的平凡中领会些许荡气回肠。电影少了原著的惨烈，但那种好死不如赖活着的悲凉还是存在的。
        '),
 (235,1292365,'云上云下',' 当年输给《低俗小说》的电影
        '),
 (236,1292365,'小耳朵图吗',' 改编自余华的小说【活着】。很好看。书和电影都好看。活着的人比死了的人还痛苦。我觉得是的。
        '),
 (237,1292370,'大头绿豆',' 感觉情绪还没酝酿好就结束了。失望。
        '),
 (238,1292370,'谢谢你们的鱼',' 蒂姆伯顿电影中的大部分人物智商都为负值。
        '),
 (239,1292370,'smallsmile',' 第一页显示出来的影评都挺恶心的。滥情。影评的悲哀是写成了剧情介绍
        '),
 (240,1292370,'小耳朵图吗',' 当年看的还是没有字幕版的。英文那时候还不是很会，看的真的就是表演了。很出色的片子！启蒙片
        '),
 (241,1292401,'安东',' 生活真美好，在电影里。
        '),
 (242,1292401,'SaoirSe',' 有种看了本读者的心情..
        '),
 (243,1292401,'shu',' Colin Firth和葡萄牙女的爱很打动人，男生对好友妻子无声的爱简直了，小男孩儿的爱也是。。。总之越看越喜欢。
        '),
 (244,1292401,'Odding',' 其实没什么情节。
        '),
 (245,1292402,'熊阿姨',' 原来男孩子青春期是这个样子地，原来女人美丽起来是这个样子地，原来登徒子的沉默和中年妇女的疯狂是这个样子地……
        '),
 (246,1292402,'脑残枪',' 美丽无罪，不忍心看美丽在暴民政治下低头
        '),
 (247,1292402,'Liz.',' 每個人在他最純真的歲月裡全身心愛上的那個人總是最難忘的，然而在她最無助的時候竟然沒有人挺身而出
        '),
 (248,1292402,'空思',' 中国人喜欢拍强奸戏，通过女性的灾难来反映人性与战争的罪恶，托纳多雷显然玩的更高级。
        '),
 (249,1292434,'萨嘎摩多熊猫桑',' 从一个婚礼开始，到一个葬礼结束。 
        '),
 (250,1292434,'战国客',' 杨德昌获嘎纳最佳导演奖的影片，近三个小时的影像细腻而漫长，其间没有大起大落，只是一直温和的诉说，可看这平淡的真实，却叫人沉重起来
        '),
 (251,1292434,'Doublebitch',' 把电影拍到3个小时以上的不是没能力就是王八蛋
        '),
 (252,1292434,'Johny',' 如果电影都是过生活，那我们就过生活就好了
        '),
 (253,1292528,'宋阿慕',' 被神传的一部青春电影,不过并不出彩.
        '),
 (254,1292528,'独行狼',' 在中国，这种~~青年文化只有从电影中感知了
        '),
 (255,1292528,'城南草木生',' 从马桶走出来一个牛逼的伊万麦克格雷格，这也就是丹尼博伊尔的最高成就了，他对人生啦对艺术啦对人性啦追求也就到这了，有这一个五星片也足够了
        '),
 (256,1292528,'大波福娃',' 狂喜欢里面的英语口音
        '),
 (257,1292656,'A-sun*',' 经历没有埋没我的才华，却抹杀了我应有的自信，我被吓坏了，成长出一腔的狂妄自大，我赖以这种方式保护自己，终于等到一句：这不是我的错。
        '),
 (258,1292656,'深海的心',' 我想找个像Sean一样懂爱的人。
        '),
 (259,1292656,'木卫二',' 马特达蒙是这样的男子：数学方程解得再牛叉、表现得再天才不羁，我却总想扔给他一身棒球服、橄榄球服，然后下一秒钟，他就会出现在球场上
        '),
 (260,1292656,'Lavender',' 喜欢结尾那个长镜头，超赞。
        '),
 (261,1292659,'Lesley10',' 换个结局我会给4星
        '),
 (262,1292659,'luc1en',' 永远也不要玩王子与贫儿的游戏(医生真是负责，肚子上的肥肉也被送回去了?)
        '),
 (263,1292659,'Eve|Classified',' 经典中的经典，了不起的吴宇森带着凯奇和约翰……吴宇森在美国继续他的武力美学，凯奇告别了喜剧，而约翰再一次在舞台上大展身手。观众则可以尽情地享受饕餮盛宴。
        '),
 (264,1292659,'亚比煞',' 都说眼睛是心的窗，但这两位叔连眼神都能无极切换，毫无压力。以前看完这片就一个想法，演员真是不能信，装什么像什么，太会忽悠了。虽说是经典，但编剧到底还是没有脱出套路，满是吴宇森的签名镜头。三星半。
        '),
 (265,1292679,'littletwo',' 爱到极至，就是两个人的互相折磨。
        '),
 (266,1292679,'逍遥兽',' 最记得厨房中那一支探戈。
        '),
 (267,1292679,'文泽尔',' 谁是何宝荣？谁愿在一个转灯里看出真瀑布来？谁在意楼道里的声音？谁藏起了护照，谁抱着你吻着你只穿四角裤醉倒在布宜诺斯艾利斯的天台上？而直到最后，又是谁被瀑布的激流打得浑身透湿，分不清是否有落下一滴眼泪了呢？当然，也极爱乌龟的happytogether..离苦，同乐
        '),
 (268,1292679,'Ridden',' Happy Together，不如我们再从头来过。原来寂寞的时候，所有的人都一样。
        '),
 (269,1292720,'卡特兰',' 说实话，我没看到影片过于励志的内容。只看到阿甘利用了他的天赋，并成功了。当然，他很执着，很善良。
        '),
 (270,1292720,'乔西',' 我生命里最温暖的一部电影
        '),
 (271,1292720,'陳',' 太甜美的美國夢
        '),
 (272,1292720,'眠去',' 人生就像一盒巧克力，你不知道会选中哪一颗。
        '),
 (273,1292722,'眠去',' 还是会哭。
        '),
 (274,1292722,'白日梦小姐',' 我想失去的才是永恒的。
        '),
 (275,1292722,'独行狼',' 神话是这样出现的
        '),
 (276,1292722,'蒜 | BOY A✎',' 爱情撼动全世界！2008.7.26 CCTV6

        '),
 (277,1292728,'趙小漁',' 這世上本沒有恐怖份子，有的只是政治的犧牲品……
        '),
 (278,1292728,'文泽尔',' 商业片中无法超越的经典 所有重要的镜头都历历在目——将军的犹豫和仍存的爱国决心，老特工的洒脱干练，新晋特工凯奇的小兵立大功. 那绿色的VX实在是令人陶醉，美丽的妻子.最后的新婚拖着空罐头的车，以及从教堂椅把里拿到的微缩交卷：嘿！知道甘地是怎么死的么？记忆深刻
        '),
 (279,1292728,'飞天PP猪',' 电影的好莱坞大片。但是还是很好看。编剧还是厉害啊啊啊~
        '),
 (280,1292728,'脸部僵硬患者',' 动作片中的经典之作，配乐更是经典中的经典。紧迫的剧情加上急骤的旋律着实让人惊心动魄。最后的一颗导弹终于让剧情不是虚惊一场，而是石破天惊。
        '),
 (281,1292849,'嘴客',' 日你妈卖批太催情了
        '),
 (282,1292849,'寂地',' 其实电影非常的棒，但是道理和萤火虫之墓地一样．因为实在太真实，让人难受．看到一半就缩到了角落里，再也不想看下去．
        '),
 (283,1292849,'老鸡｜扶立',' 我对它的喜欢游离在主题之外
        '),
 (284,1292849,'kingfish',' Tom Hanks 加Steven Spielberg,强强联合,不可能差.
        '),
 (285,1293172,'Q。',' 溥仪只是那个大时代里一个无法左右自己命运的小人物，注定在历史洪流中成为悲剧人物。……贝托鲁奇并没有洋洋洒洒的去讲溥仪的故事与中国的历史，而是选择了一个独特的视角来看待末代皇帝的人生。只是……紫禁城太监还有皇帝与皇妃在后宫都是一口英文……★★★★☆
        '),
 (286,1293172,'杜扬Seatory',' 配乐很赞
        '),
 (287,1293172,'翳生',' 最吸引我的是里面的情欲
        '),
 (288,1293172,'同志亦凡人中文站',' 贝托鲁奇镜头下的中国始终是存在于他想象中的红色国度。电影拍得过于西化了，但讨巧的用溥仪的命运承载了近半个世纪中国的变迁，进而阐释了古希腊关于人与命运对抗的悲剧。如果说人的一生是不断失去的过程，溥仪无疑是失去最多的，因为他曾拥有整个中国...
        '),
 (289,1293181,'同志亦凡人中文站',' 剧本和细节真是绝了，对性别的理解更是超前时代。万圣节去看希区柯克就是no zuo no die的节奏，惊恐交加中居然错抓了邻座小哥的手... o(>﹏<)o
        '),
 (290,1293181,'泉の向日葵',' 好經典的精神分裂，博金斯演得好棒。希區柯克連燈光都打得那麼漂亮~
        '),
 (291,1293181,'狷介有乌青',' 细节部分处理地相当细腻，特别是母亲房间和儿子房间的对比。这片对于几重人格及犯罪后心理创伤的运用对后世影响颇大，犯罪心理里有一集也是杀人狂儿子将母亲的遗骨保留到发霉，韩国那部老师的恩惠也是。
        '),
 (292,1293181,'kskxxx',' 都不敢洗澡了...
        '),
 (293,1293182,'狄飞惊',' 其意义不在于“无罪”的结果，而在于整个辩论过程，那是关于人类和世界的哲学大命题，借助12陪审团之辩，对个人和集体，个人和社会，真相和怀疑，等级和尊严，意见和理解，理性和情绪，坚持和盲从，法律和良心，激情和冷静，大胆假设和小心求证等命题，进行交流和探讨，那是火花四溅的碰撞，直指人心。
        '),
 (294,1293182,'鱼丸粗面',' 民主、人性、理智、原则。合理怀疑。
        '),
 (295,1293182,'Bigteeth',' 傻了B了，竟然先看介绍，结果观影过程觉得影片本身十分做作。
        '),
 (296,1293182,'NullPointer',' 投票不管用，意见领袖也没用，你得让每个人都说个够。然后明智的共识才会产生。
        '),
 (297,1293318,'Anubis',' 薄弱而刻意的煽情……实在没煽到我
        '),
 (298,1293318,'李荷西',' 没事儿别当侵略者。这片子一点也不惹人同情和眼泪，不知道为什么这么多中国人觉得好。立意奇特，哗众取宠，死人赚眼泪。
        '),
 (299,1293318,'susu@23区',' 不能看啊。会流很多眼泪的。。。
        '),
 (300,1293318,'寂地',' 拍得太小气了．．．．
        '),
 (301,1293350,'任晓雯',' 中国多少年轻导演在学这风格
        '),
 (302,1293350,'独行狼',' 从此开始喜欢上英伦范儿。我真的是太喜欢这部电影鸟。
        '),
 (303,1293350,'小耳朵图吗',' 貌似疯狂的石头就是在模仿这部片子。麦当娜的前夫的作品。
        '),
 (304,1293350,'MIFFYGAGA',' 果真没让我失望 喜欢这样能让你笑着紧张的好电影
        '),
 (305,1293359,'大头绿豆',' 从没见过那么流氓的温柔，从没见过那么温柔的流氓。
        '),
 (306,1293359,'白羽',' 幽默，小伤感，公路电影，难得的好片子，大陆至今无法涉及并能拍的片子
        '),
 (307,1293359,'逍遥兽',' 中间笑到半死
        '),
 (308,1293359,'影志',' 北野武真衰
        '),
 (309,1293460,'影志',' 于是以后，见到这样的路灯，就想扶着灯柱起舞
        '),
 (310,1293460,'周鱼',' 我曾无数次从《发条橙》、《AI》、《如果爱》、《WALLE》里看到对《雨中曲》的致敬 今日终于承认：这就是人类歌舞片的巅峰，超越《音乐之声》，秒杀一切，无与伦比。当然 刻画、节奏、布景等等有着非常多的毛病 还是搁置下来 好好看看吉恩凯利俘获美人心时的那副小样吧 这绝对是影史最珍贵的片段之一
        '),
 (311,1293460,'芦哲峰',' 无声电影向有声电影过渡时期，着实废了一批无声电影明星，一部分是因为嗓音，一部分是因为表演，无声电影演员的表演，效果夸张，类似戏剧，而在有声电影里，这种浮夸的表演显得十分的刻意和做作；这部雨中曲，一直都是影史的经典，搁在今天来看，也只剩下精彩的歌舞了。
        '),
 (312,1293460,'不约不约',' 真是经典啊！
        '),
 (313,1293544,'Lan~die',' “颇具匠心地将恐怖片与侦探片结合成一体，采用希区柯克式的悬念手法和现代恐怖片的心理分析，将观众引入了象征性的潜意识的世界。警察为了捉一名杀人狂魔而不得不求助于另一名杀人狂魔，这本身就具有强烈的荒诞与讽刺意味。影片一直在寻找人类社会的恐怖之源，最后得出了一个“由于秩序本身的问题造成的，反过来危及秩序的犯罪病例”的结论，这使得影片具有了一定的社会意义。”
        '),
 (314,1293544,'趙小漁',' 親愛的朱迪，當時我還不懂人為什么會有那麼深沉的夢魘……
        '),
 (315,1293544,'葡萄™',' 一点也不惊悚-。-
        '),
 (316,1293544,'kingfish',' 缝人皮衣裳那个镜头还真吓人.
        '),
 (317,1293764,'· A i G O ·',' 他是阿凡達祖宗
        '),
 (318,1293764,'凤卿尘',' 屠杀印第安人奴役黑人排斥华人，这就是美国的人权历史。关于黑人反抗的影片尤其多，正面印第安人的毛鳞凤角，华人的基本没有。当年能拍出这么一部影片，无论从创作方式还是价值观念都是一次创举。只可惜，印第安人已然几近绝种。
        '),
 (319,1293764,'唯C',' 别样的野性风情，一直很喜欢这种西部片，看看大自然，再体验那里的历史文化。
        '),
 (320,1293764,'天秤座的胖子莹',' 文化的不同种族的冲突无可避免，学会包容至关重要
        '),
 (321,1293839,'影志',' 赫本，无与伦比的美丽。
        '),
 (322,1293839,'战国客',' 没觉得奥黛丽·赫本特别好看，相比更喜欢费·雯丽~~
        '),
 (323,1293839,'能工巧匠沙门哥',' 不错,但也不至于让人欲仙欲死吧?
        '),
 (324,1293839,'眠去',' 假日短暂。
        '),
 (325,1293908,'U 兔',' 最后一个眼神的特写，直指人心
        '),
 (326,1293908,'影志',' 不知道是看片情境不对，还是个人状态不佳，看完感触不多。
        '),
 (327,1293908,'刘小黛',' 笑中含泪，悲剧的最高境界是喜剧。
        '),
 (328,1293908,'杨大志°',' 果然是大师，过去那么久，依旧是经典
        '),
 (329,1293929,'沈书君',' 终于明白我为什么要摄影。摄影之于我的意义，是使我越来越走向你。这么明确的事，一辈子就一次。
        '),
 (330,1293929,'散木',' 这片子看得我痛哭流涕。
        '),
 (331,1293929,'Lan~die',' “这么确切的爱，一生只有一次。”         
“若我走了我的生活会怎样？有谁会看到其中的美好？”    
两句话道尽婚外恋，雨中泣别太精彩。
        '),
 (332,1293929,'安蓝·怪伯爵',' Streep适合这样的角色，要内敛，且寂寞。
        '),
 (333,1293964,'果酱☮',' 真正的经典电影绝非是口口相传，继而跟风装B，而是即便过了那么多个时代，如今看来依旧让人发自内心由衷地喜爱它称赞它。此片真的是经典，费雯丽的表演震慑人心令人难以忘怀。尤其是从她极为迷人的大眼睛流露出的眼神里包含着的各种情绪（而不是像如今很多女星那般眼大却无神），羞涩甜蜜幸福绝望绝决
        '),
 (334,1293964,'战国客',' 经典！只是一切已经走不出《乱世佳人》的影子了~~
        '),
 (335,1293964,'斑斑点点',' 越理解越痛苦
        '),
 (336,1293964,'影志',' 好纯啊
        '),
 (337,1294240,'大宸',' Sofia Coppola演得跟坨屎一样...
        '),
 (338,1294240,'小哲哲1980',' 除了艾尔帕西诺谁也演不了教父！
        '),
 (339,1294240,'feng',' god father
        '),
 (340,1294240,'[已注销]',' ++--
        '),
 (341,1294371,'Plauto',' 经济萧条，失业严重，穷人潦倒，贫富不均，企业主压榨，社会混乱，体制不合理
        '),
 (342,1294371,'老阿飞—故园',' 当人不再是人，而是机器
        '),
 (343,1294371,'[已注销]',' 他是个天才。|他们两个坐在草地上遐想向往的生活的时候，神情是多么的美好啊~
        '),
 (344,1294371,'昵称被占不开心',' 小人物悲喜 卓别林不愧为大师
        '),
 (345,1294408,'张天师',' 真希望世界像它描述的那么美好
        '),
 (346,1294408,'ZhaoCong',' 初中音乐课
        '),
 (347,1294408,'谢谢你们的鱼',' 记忆中第一部让我感到愚蠢的电影。
        '),
 (348,1294408,'木子μý',' 音乐，让世界更美好。
很经典的音乐电影， 现在一想起它就想起了lei yi ou du lei yi ou du lei yi ou的旋律。
愿每个人能在繁杂纷扰的世界里有自己的一片净土。
        '),
 (349,1294638,'瞳',' 生病的ＥＴ皮肤的颜色就像柿子饼
        '),
 (350,1294638,'拖豆',' 时光滤镜让它更好看，但不能成为我心中的经典。
        '),
 (351,1294638,'高压电',' 勾起我的成年回忆...
        '),
 (352,1294638,'大耳朵_',' 😘😘外星人最经典的形象之一可了，一个温暖的故事
        '),
 (353,1294639,'草威',' 看见那些举着这片子，大喊“Freedom”的人我就想吐。好像全世界就你们几个知道自由。说实在的，动物园的猴子都比你们自由。
        '),
 (354,1294639,'有未始有始也者',' 剧情很扯淡，砍人很好看
        '),
 (355,1294639,'艾小柯',' 综合一切娱乐元素的优秀电影。
        '),
 (356,1294639,'Miss Lucky',' freedom

        '),
 (357,1295038,'王大根',' 一整个世界被打开了的感觉啊。
        '),
 (358,1295038,'沈书君',' 今天来看，才发现里边有好多小童星
        '),
 (359,1295038,'zee',' 那时候是有多可爱啊，刚接触魔法的种种新鲜和刺激，比起后面的黑暗剧情以及丹尼尔越来越大叔的模样，真是怀念这里啊。
        '),
 (360,1295038,'墨语悠然',' 这部电影是刚上中学过最后一个六一的时候，学校给放的，太久远的记忆了。作者天马行空的想象力，电影精妙绝伦的现，让我第一次对想象中的“魔法”，有了一个具象的观感。虽然那是一个虚拟的世界，但是我不会忘记那份感动和震撼。九又四分之三站台，分院帽，格兰芬多，魁地奇，都是最精彩的记忆！
        '),
 (361,1295124,'宝塔糖',' 有钱才能保护喜欢的人
        '),
 (362,1295124,'大头绿豆',' 救人一命等于救全人类。集中营进得来，出不去，除非你从焚尸炉的烟囱里爬出去。
        '),
 (363,1295124,'薇羅尼卡',' 很棒，直击人心。不知道什么时候中国也能拍出这样的电影。
        '),
 (364,1295124,'Jean',' 人性之恶，生命之荒谬
        '),
 (365,1295399,'暖鱼',' 和教父是一种类型的电影，突出人物性格，故事情节也曲折。最后真的是人民战争海洋。很有几次，都觉得这也可以算一部写中国人的电影，比如农民的狡猾与认命等，到最后的我能！
        '),
 (366,1295399,'幸福超市总经理',' 百看不厌的伟大电影
        '),
 (367,1295399,'空城',' 谁都没赢，即使是村民。
        '),
 (368,1295399,'安东',' 完美。不朽。
        '),
 (369,1295409,'十七只猫和鱼',' 祝你们春梦了无痕一度成为我的口头禅，也是童年回忆
        '),
 (370,1295409,'木卫二',' 有些电影，就该在那个时代看……
        '),
 (371,1295409,'游牧人·芳汀',' 周润发在轮椅上和钟楚红翩翩起舞的场面再过多少年都不会忘记
        '),
 (372,1295409,'方枪枪',' 五星，人生挚爱！哥哥、发哥、钟楚红，所有人的表演都太惊艳了，哥哥在桥上自己的画上签名的洒脱，还有俩人配合偷取宝物的情节和动作，喜剧而不失张力。整部电影综合喜剧、浪漫、爱情、动作、情义，多种元素于一体，奔放而不失细腻，带给人深深的满足感和刺激，太给力了 
        '),
 (373,1295644,'沉歌',' 萝莉有颗御姐心，正太有个大叔身——邪恶又天真、残酷又温柔，多完美~
        '),
 (374,1295644,'佳小驮',' 我没啥感觉的公认好片。
        '),
 (375,1295644,'小耳朵图吗',' 娜塔莉波特曼激萌啊
        '),
 (376,1295644,'OnJel.',' 找不到比这个更喜欢的了。
        '),
 (377,1295865,'Lan~die',' 生命中的险恶没有什么恐怖，生命中的寂寥没有什么悲愤，生命中的放纵没有什么缺憾，生命中的痛苦与埋没无关，关键是：即使在始终无人注目的暗夜中，你可曾动情地燃烧，像那颗不肯安歇的灵魂一样，为了答谢这一段短暂的岁月？
        '),
 (378,1295865,'Q。',' 每个画面都是那么温情且壮阔，还有那刺痛到灵魂深处的音乐，众人到位的表演。故事虽然并不那么引人入胜，但要表达的思想却是很容易赢得共鸣的。燃情的岁月，一世的真情。★★★★★
        '),
 (379,1295865,'薄荷茶不凉',' Tristan非常让人着迷，他是一位真正的自然之子。
        '),
 (380,1295865,'眠去',' 传奇，不是每个人都可以拥有。
        '),
 (381,1296141,'XA™',' 五星级结局，难以置信这是1958年的黑白电影！
        '),
 (382,1296141,'影志',' 抱着对法庭题材的偏见去看，没想到竟是一部够回味好几天的片子，不仅仅因为惊艳的结尾，整部戏就像让观者身临其境一样，思其所思、忧其所忧，黑洞一样的剧情吸引着人，最后把你完全裹住、迅速吞噬。演技、导演、编剧真是惊为天人。第一部怀德片。
        '),
 (383,1296141,'猫叔Mack',' <控方证人, 1957>：阿婆那不到最后猜不出结果的推理小说改编，怀德的百看不厌的黑色悬疑喜剧，劳顿那浑身是戏驾轻就熟的表演，还有那话里有话风趣幽默的台词---史上最经典的推理片之一！
        '),
 (384,1296141,'米粒',' 满分！无法形容的精彩！怀德和阿加莎的完美结合，猜了几次凶手都没中，我还真是。。。马琳黛德丽已经56岁的人了还那么美，果然是remarkable。演员都极其出色。太精彩！
        '),
 (385,1296339,'LORENZO',' 这不就是一部一夜情电影吗？为什么这么高分？估计是豆瓣有太多闷骚宅男宅女只能在二维世界里幻想如此的艳遇却不能在现实的美丽城市里大胆和人搭讪吧。谁一夜情的时候不带一点两点对彼此的好感和喜欢的，恐怕只有极其闷骚之人才会热捧如斯。
        '),
 (386,1296339,'影志',' "从某种意义上来说，我所有的浪漫都在一夜之间消耗光了……" 这个夜晚，就是一生。Can the greatest romance of your life last only one night?
        '),
 (387,1296339,'汪拾叁',' 传说中天蝎男和天秤女的故事。
他说：我想爱是不知道必须享受孤独的人的逃避。
        '),
 (388,1296339,'熊阿姨',' 缘分是个连绵词。
        '),
 (389,1296736,'[已注销]',' “我有件更暖的。”----Wilm Hosenfeld
        '),
 (390,1296736,'路克',' 其实并不太好看~
        '),
 (391,1296736,'风向未来吹去',' 莫非是我铁石心肠？没感觉
        '),
 (392,1296736,'台',' 对于一部记录二战中的犹太人的电影来说，相比《辛德勒名单》它只能算是入门；对于一部钢琴题材音乐电影来说，它也没有《海上钢琴师》壮阔。
        '),
 (393,1296753,'梁',' 其实这是一部给片
        '),
 (394,1296753,'Cherry',' 与同名歌曲无关
        '),
 (395,1296753,'同志亦凡人中文站',' 欲笑翻成泣的结局，警长是电影史上最可爱的坏人～
        '),
 (396,1296753,'胤祥',' 其实我越看越喜欢警长肿么办……英格丽·褒曼那令人出戏的柔光近景和特写啊……尼玛还有个镜头是她柔光鲍嘉硬光，要多别扭有多别扭……
        '),
 (397,1296909,'艾小柯',' 永远看不腻的喜剧！
        '),
 (398,1296909,'眠去',' 果真是经典。
        '),
 (399,1296909,'九尾黑猫',' 完全对此不感冒
        '),
 (400,1296909,'斑斑点点',' 经典喜剧，看过很多遍，鸳鸯茶鸳鸯茶，哈哈
        '),
 (401,1297052,'深海的心',' 我喜欢男爵的爱情，喜欢钟表上永远不能相见的国王和王后。
        '),
 (402,1297052,'南 瓜 子',' 本人最喜欢的宫崎动画
        '),
 (403,1297052,'JulyChan',' 最是优雅年少时
        '),
 (404,1297052,'它它',' 安静的夏日，街角的铃声
        '),
 (405,1297192,'一只麦麦',' 医生的治疗方案是让不同人格互相残杀以产生幸存者，但残杀所诞生的幸存者就不可能是最优人格。这个悖论最终使医生付出了生命代价
        '),
 (406,1297192,'荔枝超人',' 果然是青少年选择奖入围片，用来骗小孩还是很高明的。
        '),
 (407,1297192,'海扬尘',' 这种患者还是处决了为好啊。
        '),
 (408,1297192,'修复的薄码.AVI',' 牛了个逼的
        '),
 (409,1297359,'艾小柯',' 宫崎骏的巅峰之作
        '),
 (410,1297359,'Odding',' 给我无数思考和感动。
        '),
 (411,1297359,'小儿勾',' 宫崎骏的少年永远美好
        '),
 (412,1297359,'芦哲峰',' 宫崎骏最有气势的一部。
        '),
 (413,1297447,'with',' 未见过电影院在非节假日只吉着第一排，未听过电影散场时有如此热烈的掌声，未见过全场观众都等到银幕彻底黑了才起身离场，未见过打字幕时有人拍照留念，十七年后，《倩女幽魂》仍然用事实告诉他人“经典”二字当之无愧
        '),
 (414,1297447,'清影照心',' 港片中最经典的人鬼恋。张叔平为王祖贤设计的女鬼造型使其成为香港电影中最惊艳的女性形象之一，张国荣、午马等人的表演也都神采飞扬，还有徐克机智感人的故事，程小东天马行空的武打设计，黄霑变幻多端的电子配乐，共同构成了这一部经典。
        '),
 (415,1297447,'REDEYESKi',' 好美的王祖賢～
        '),
 (416,1297447,'安蓝·怪伯爵',' 好吧，经典，音乐经典，片段经典，造型经典，神马都经典，就是那个粘糊糊长兮兮的大舌头太恶心了，吃完饭看的(#‵′)
        '),
 (417,1297478,'十二楼',' 难以忘怀
        '),
 (418,1297478,'影志',' 看海报还以为是个啥破电影，没想到这么好笑。
        '),
 (419,1297478,'云胡不喜',' 一个可乐瓶引发的解除军变。以前看的时候只图一乐，回想起来，他们活的远比我们幸福快乐多了
        '),
 (420,1297478,'不约不约',' 这片子真的有意思，黑人都太能跑了
        '),
 (421,1297574,'斯齊佐飛力尼克',' “杰仔，你冇错到，我地大家行嘅路唔同，你行嘅路系啱架，以前我行错咗，宜家行翻啱，都唔算太迟。”这句真感动。如果把兄弟情都看成基情，这真的挺可悲的。
        '),
 (422,1297574,'趙小漁',' 我親愛的小馬哥，時至今日你讓我感嘆英雄遲暮更是種折磨……
        '),
 (423,1297574,'左胸上的吸盘',' 这片子不怎么好看，坏在张国荣的角色上了，老爸为什么会死？明明是张国荣的角色太鸡巴灯，打不过杀手才害死老爹嘛，这事儿怎么能全赖狄龙呢？另外升不了职的原因有很多，听信领导一面之词是多傻逼？总之，傻逼角色太影响胃口了
        '),
 (424,1297574,'mecca(美卡',' 早年录像厅模糊印象 夜里被和某人重温了下 大叹原来当年主流片也这么恶心啊！ 张国荣还略显稚嫩 当然这也和面具化的人设不无关系 和十三少 风月 阿飞还远不能相提并论。兄弟情义的问题么，这叫人心慌，这叫人心慌。一向不怎么待见吴宇森的，“我已经倒霉了好多年”令人笑场。
        '),
 (425,1297630,'恶魔的步调',' 又是一部以结局见长的电影
        '),
 (426,1297630,'李 斯',' 这小孩太正了！
        '),
 (427,1297630,'文泽尔',' 最意外的结局，只有电影能够很好地表达。其中较恐怖的镜头大概是床下看到鬼娃...最悲的画面是布鲁斯威利斯发现自己背上都是血，原来是只看到了自己想看到的，在无意中反而帮助了那个有鬼眼的孩子。个人觉得比《小岛惊魂》要好，但是那是基德曼演的，也有加分了。算一个类型吧
        '),
 (428,1297630,'Brasidas',' 一开始看以为是心理片，看了一半失望的发现是老套的鬼片，看到最后惊奇的发现原来是鬼心理片，晕~~
        '),
 (429,1298070,'想念season',' 杰克船长就是海盗版的夏明朗有木有！！Depp真是为这种妖孽至极的角色而生的！
        '),
 (430,1298070,'Celeste',' “因为地平线一直在那。你想到达那儿，但你永远到达不了。就是那样，遥不可及难以放弃。” 

        '),
 (431,1298070,'小米=qdmimi',' 除了德普，有什么地方可看？？
        '),
 (432,1298070,'待城',' 好看的电影，剧情实在是很抓人呀，还有德普真的是太帅啦啊啊啊
        '),
 (433,1298624,'信而好古',' 改编自一本意大利小说。个人认为电影比原著出色。主演Al Pacino演技出众。一段探戈，一篇演讲，皆令人印象深刻。
        '),
 (434,1298624,'W3IQ7≯',' 黑暗中，一个自责的灵魂时刻经历着生命的拷问，在它即将放弃、摆脱、抽身而去时，另一个亟待帮助的灵魂出现了…一个孤独、另一个迷茫，当两颗心碰撞在一起才发现，其实一直在相互扶持、慰藉、拯救…我的心谁能懂？当一切已无法承受，那一曲穿越灵魂的探戈告诉我们，什么样的生命才是真正的永恒！
        '),
 (435,1298624,'嘉沐難再續.K',' 浑浑噩噩，不知所云
        '),
 (436,1298624,'叶镶嵌',' Scent of woman, charisma of man.
        '),
 (437,1298653,'流空破刃',' 联邦快递的超强势植入广告——“就算我们的快递员流落到了荒岛，只要你在包裹上画上一只蝴蝶，我们就保证绝对不拆你的快递。”（不对
        '),
 (438,1298653,'深海的心',' who knows what will the tide bring?so keep breathing.
        '),
 (439,1298653,'掉线',' 【B】“荒岛”部分剧情单薄，“余生”部分倒是看的感慨颇多。导演的重点也是放在了后半部分吧。看完后突然觉得自己还能有冰镇可乐喝，真是太性福了。威尔逊最佳男配角有疑问？
        '),
 (440,1298653,'茜勒维亚',' run
        '),
 (441,1299131,'九尾黑猫',' 帕西诺太帅了~
        '),
 (442,1299131,'△▲凉度▲△',' 再次睡著了。。。
        '),
 (443,1299131,'A-sun*',' 两代人的对比，Al Pacino和Robert Duvall都太帅了，不同的是，父亲拥有家庭与荣华，而Al Pacino几乎失去了所有亲人。
        '),
 (444,1299131,'流空破刃',' 半原作半原创，半上代半下代，半圆满半破碎，半上升半下降。普佐在原作完成后趁电影的便利所做的故事延续，操控了两条时空错叙的故事线，在对照中做出了无解的命题。
        '),
 (445,1299327,'老阿飞—故园',' 漫延着淡淡血腥气的优雅
        '),
 (446,1299327,'影志',' 那点暧昧不清的缠绵悱恻。
        '),
 (447,1299327,'funny_vee',' 除了惊艳还是惊艳，不老而美丽，心中暗藏忧伤。
        '),
 (448,1299327,'尼桑，都是尼桑的错',' 邪魅的阿汤哥太性感啦~~温柔的皮特号美啊~~配上小小的尖牙~~怀念当年的两位美人~~暧昧大好~~
        '),
 (449,1299361,'暖鱼',' 希望中国尽早拍出此类片子，并在末尾打上：献给天下所有婆婆
        '),
 (450,1299361,'影志',' 外婆出现的每一个镜头都是泪点…好久没看这么感人的电影，5星几乎都是感情分！
        '),
 (451,1299361,'桃桃淘电影',' 献给所有外婆。
        '),
 (452,1299361,'王大根',' 外婆家，下雨时候的天井，墙头上的宝石花，埋在粥里的面团，傍晚时呱呱叫着回家的鸭子，干涸的水渠，只收得到一个频道的电视机，夜晚慢慢摇着的蒲扇……外婆越来越弯的腰，外公越来越严重的耳背，癌症去世的小外公，远走高飞，远走高飞，一年只能见上这么一次半次的，外婆家。
        '),
 (453,1299398,'into_the_forest',' 最受欢迎的烂片
        '),
 (454,1299398,'影志',' 经典不用说 
没第2部好～
        '),
 (455,1299398,'薇羅尼卡',' 爱情是什么？
        '),
 (456,1299398,'掉线',' 【B+】小时候电视上看过很多次段落，却没完整看过。其实我喜欢晶晶姑娘多过紫霞
        '),
 (457,1300117,'Sophie  Z',' 是该庆幸这样的电影出现的时候还不是腐女遍地的年代……
        '),
 (458,1300117,'荔枝超人',' “我只是把身体给了你，你却让我分享了你的梦想”。（BTW：Original Music by 
Michael Nyman）
        '),
 (459,1300117,'丁小云',' 看了这部《千钧一发》，没想到还真不错，男煮饺儿追求梦想时不给自己留任何后路的精神真鸡巴励志啊……这种励志非心灵鸡汤式励志，而是心灵牛鞭汤式励志……我们曾经都是星尘，莫名其妙地来到了父亲的睾丸里，来人世走一遭后重新变成星尘……反正迟早变星尘，不如追梦尽情活…… 
        '),
 (460,1300117,'囧叔',' 变种异煞？？？？煞你妈逼啊……到底这些翻译都是怎么来的
        '),
 (461,1300267,'深海的心',' 请上帝保佑那个真正爱你的人吧，你把他的心都揉碎了。
        '),
 (462,1300267,'沉歌',' 至今记得亚特兰大的战火中她奔走的背影，裙裾摆动。她的野性和骄傲，坚强与倔强，不甘弱示或屈服，瑞德与她是相似的。如果瑞德爱上的不是郝思嘉，一定不会掉进那个自掘的陷阱里。对于郝思嘉佩服之极，对于瑞德，感动了，且唏嘘而惋惜。
        '),
 (463,1300267,'正统文化代言人',' 做作得不行，民国老太婆最爱
        '),
 (464,1300267,'UrthónaD''Mors',' 喜欢的很看到費為例吃著乾癟的胡蘿蔔,發誓的時候我決堤了,以後每當看到那裡的時候都會哭
        '),
 (465,1300374,'鱼丸粗面',' 片子缺少一种关键的非现实渲染，让人感觉离奇得难以接受，但是仍然是一部好片子
        '),
 (466,1300374,'蛋蛋',' 带着满脸的眼泪和鼻涕泡儿看完的
        '),
 (467,1300374,'晨光荣耀',' 耶稣小传
        '),
 (468,1300374,'Q。',' 当黑暗来临之前，那里有火花，遍布天际。也许是太过奇幻与不合逻辑，以至于很多煽情的部分没让人太入戏。不过要说剧情混乱拖沓吧，似乎每时每刻都会有新的故事发生，不至让人发腻，但这样的一个故事，完全可以精简，毫无必要拍摄成3个多小时的长片。★★★☆
        '),
 (469,1300741,'湛卢',' 有一段和《两个只能活一个》共用的配乐。
和《放逐》《复仇》组成三部曲，标题就叫《任达华叫黄秋生去杀黄秋生不想杀的三个人》。
        '),
 (470,1300741,'霍尔顿狐狸振作',' 很赞的电影，喜欢吴镇宇和黄秋生，很“佬”啊！！！神经质的吴镇宇让人不得不迷恋呢！杜琪峰很喜欢用长镜头然后定格拍摄，很大师的画面。音乐轻松又可爱，原创音乐钟志荣。
        '),
 (471,1300741,'徒然曜日',' 料不到阿mike是内鬼
        '),
 (472,1300741,'熊仔俠',' 配樂很煩也很一般。
        '),
 (473,1300960,'深海的心',' 你知道怎么才会遇见美人鱼吗？要游到海底，那里的海更蓝，在那里蓝天变成了回忆，躺在寂静中，你决定留在那里，抱着必死的决心，美人鱼才会出现。她们来问候你，考验你的爱。如果你的爱够真诚，够纯洁，她们就会接受你，然后永远地带你走……” 
看了很难受。你无法进入他的世界，他是你的世界，他的世界里没有你。到最后，you did it alone.
        '),
 (474,1300960,'UFO',' 可能是片子看的太投入了，看完后气不打一处来。笨女人，这样的男人也要得？？
        '),
 (475,1300960,'不亦',' 他是你的世界，可是他的世界却没有你。
Ps.小日本潜水那一段真是好。
        '),
 (476,1300960,'小车',' 现在再看，感觉还是有点装的 ：）
        '),
 (477,1300992,'Doublebitch',' 我只杀过两个人，一个伤害了我妈妈，一个伤害了你
        '),
 (478,1300992,'Camellia',' 潸然泪下~
        '),
 (479,1300992,'小肚子✨',' 标准的有点像是教科书里的故事
        '),
 (480,1300992,'安蓝·怪伯爵',' 史上最泪奔斯德哥尔摩综合征。Butch对Phillip的每一个小动作，摸摸头，拍拍屁股，看一眼心就化了~~~满满的父爱，已哭瞎。
        '),
 (481,1301171,'Soblue',' 从这片儿开始,喜欢上英国黑色幽默黑帮片. 话说BRADPITT的吉普塞口音真是让我笑翻了!
        '),
 (482,1301171,'李 斯',' 我木有看出笑点在哪里，囧
        '),
 (483,1301171,'老鸡｜扶立',' 好玩！就是好玩！
        '),
 (484,1301171,'嘉得乐',' 天才的杰作
        '),
 (485,1301753,'罗弘霉素',' 败在“刀疤”没有反派魅力！
        '),
 (486,1301753,'股神看不懂',' 经典之所以称之为经典正是因为他无法复制，狮子王就是这样的经典，每一个细节都那么出色，每个音乐都那么动听，恰到好处的搞笑和贯彻始终的感动。这样的片子不管放到什么时候都不会落伍，因为他本身就是传奇
        '),
 (487,1301753,'李然',' 这动画说的是龙生龙凤生凤、狮子王的孩子还是王；野心家的夺权、王子的复位，以及童年情愫、成年的炮。这动画加分都在技术项，比如使用了当时最先进的2D动画技术，现在看来也是很有美感的画面，以及太经典的歌曲，《Can You Feel the Love Tonight》一曲足矣！8.3
        '),
 (488,1301753,'陀螺凡达可',' 又是一部是属于那个年代的影迷的经典。
        '),
 (489,1302425,'[已注销]',' 张柏芝的演技和她的美同样不会让人怀疑!
        '),
 (490,1302425,'薇羅尼卡',' 又有什么？谁说一个跑龙套的不能爱上一个妓女？
        '),
 (491,1302425,'进宝',' “哇你怎么穿成这样啊？你不是演主角吗？不管你是主角也好，跑龙套的也好你都要养我一辈子的啊！呐，试试，看合适不合适？哇红色的，唇膏印啊，你去鬼混啊！呐，这次我放你一条生路啊，再有下次，我不给你饭吃。走，走啊。看什么看？不服气呀？打我呀，笨蛋！ ”
        '),
 (492,1302425,'蛮爷',' 第8次
        '),
 (493,1302467,'同志亦凡人中文站',' 不关别人怎么说，我觉得这就是我看过最完美的系列电影。
        '),
 (494,1302467,'澈黑',' 感觉怪怪的，像日本的动画短片了
        '),
 (495,1302467,'大耳朵_',' 以前科幻看得少，不太能理解，现在再捋一捋剧情发现简直是神作！ 可惜了这俩导演后来再没拍过有点口碑的片子了
        '),
 (496,1302467,'Mark Quinn',' 炫酷的机器人大战，打斗不如第二，内涵不如第一，很是尴尬。
        '),
 (497,1302476,'Diana',' 原来有些东西，没有就真的没有。不行，就真的不行。没鱼蛋，没粗面，没去马尔代夫，没奖牌，没张保仔宝藏，而张保仔也没有咬过个包。原来蠢，不是那么好笑，蠢会失败，会失望。失望，不是那么好笑，肥，也未必好笑。肥，不一定大力，大力也不一定行。大个之后，到我面对这个硬邦邦，未必那么好笑的世界
        '),
 (498,1302476,'smurfette',' 麦兜：我去抢包山，不是为了见姗姗，也不是为了得到世界冠军，是因为我爱我妈妈。 

        '),
 (499,1302476,'慢先森',' 香港草根气息/居然有点心酸
        '),
 (500,1302476,'mmhh',' 1。
        '),
 (501,1302827,'熊阿姨',' 煽太过了吧
        '),
 (502,1302827,'kingfish',' 没啥意思.
        '),
 (503,1302827,'林愈静',' 看得心理挺难过得，库布里克的遗作，斯皮尔伯格帮他完成了。时间：2001年
        '),
 (504,1302827,'❤sissy❤',' 全世界人民都联合起来向裤布里克致敬八!
        '),
 (505,1303021,'[已注销]',' 当他知道他得了第一名却拿不到第三名的奖品时,他伤心的哭了.
        '),
 (506,1303021,'文泽尔',' 你说你像记录片，我选择相信。一切正如简介所言，一切也不超出这个故事，导演马基迪懂得，怎样将一个感人的故事讲好，并且也只将注意力集中在故事上。阿里的眼泪，以及获奖时无声的表情，最后的高潮部分相当感人，真是天堂的孩子才会有的演技，让人不得不去想像或许这真是一部真实记录片了，最美的奔跑
        '),
 (507,1303021,'柳具足',' 电影里很多日用品看起来都像中国货：铅笔、笔记本、塑料拖鞋
        '),
 (508,1303021,'kiddy',' 奔跑的孩子是天使
        '),
 (509,1303037,'陽太',' 看到房间号1069我的玻璃心碎了一地...
        '),
 (510,1303037,'艾小柯',' 作为导演，李安在《喜宴》中的表现还略嫌稚嫩，电影中粗糙的细节比比皆是，远不及《卧虎藏龙》之后的精雕细琢；但从内容与情节上来说，这部我感觉却是李安最精品的几部电影之一：放了很多心血心思上去啊，对文化差异的刻画准确犀利而生动活泼。这部电影李安作为编剧比作为导演更成功。
        '),
 (511,1303037,'深度霸王学习机',' 能把直男变弯，弯男变直的好片子。。。
        '),
 (512,1303037,'yali66',' 所以说，结婚的时候一定要搞清楚伴郎和新郎的关系。微虐慎入。
        '),
 (513,1303394,'伊豆',' 当时很不能接受的是，许仙竟然和小青有暧昧。不过长大之后再回想，男人，可不就是这样的么。
        '),
 (514,1303394,'囍夭夭',' 每个女人，也希望她生命中有两个男人：许仙和法海。是的，法海是用尽千方百计博他偶一欢心的金漆神像，生世位候他稍假词色，仰之弥高；许仙是依依挽手，细细画眉的美少年，给你讲最好听的话语来熨帖心灵。
        '),
 (515,1303394,'罗弘霉素',' 李碧华的爱情模式，得而失才让情更刻骨，碎彻底才让痛更铭心。青蛇与法海交欢的戏藏得够深，很有佛理。
        '),
 (516,1303394,'小耳朵图吗',' 徐克 如今再拍不出 这么细腻的片了
        '),
 (517,1304102,'暖鱼',' 伯恩这一系列始终喜欢的是它的节奏感。
        '),
 (518,1304102,'八月槎',' 一小般，故事讲得糊里糊涂。
        '),
 (519,1304102,'lomo36',' 简洁有力
        '),
 (520,1304102,'周眠',' 只有动作片，才能如此深沉霸气地表达人类的困境吧！
        '),
 (521,1304447,'Lan~die',' 导演用一种前无古人的倒序方式营造出“支离破碎”氛围，让观众深刻体验到Lenny破碎的生活及内在，我们如Lenny般扮成侦探，在电影里寻找着所谓的真实。而那织在复杂结构中的情感更让人没有办法不被感动。“如果自欺才能使我快乐，我选择如此的活着。”我们要生存下去必须给自己一个理由，否则就会精神分裂。但那些我们坚持的东西可能只是自己假象中的虚幻。一觉醒来时看着天花板问问自己：我是谁，我为什么在这里。然后你开始回忆，当那些记忆的碎片一点一点拼凑起来，一个完整的可能也并不客观的现实呈现在眼前，你，是否惶恐？
        '),
 (522,1304447,'高源',' 那个不到半秒的画面。。。另外请问一下楼上那个“短”评是怎么做到的！！？
        '),
 (523,1304447,'鱼丸粗面',' 真烧脑子
        '),
 (524,1304447,'[已注销]',' 把观众当傻瓜啊。
        '),
 (525,1305164,'王xx',' 每次看完这种片子，都觉得像过了一辈子那么长
        '),
 (526,1305164,'弗朗索瓦张。',' 这么多人都看哭了么。。。我就在张曼玉低头碰到喇叭那块儿眼红了下。。。这俩人的缘分太让人嫉妒了
        '),
 (527,1305164,'drunkdoggy',' “我不是文艺片导演，这是部十足的商业片，结尾纯粹为讨好观众而设计。现实中，男女主人公不可能在一起。但观众想要他们在一起。其实呢，如果他们能在一起，早在一起了。”我们怎么办啊……
        '),
 (528,1305164,'Miss Lucky',' 随性,就是用滑过的火柴当眉笔
        '),
 (529,1305487,'乐平桑',' 能让巨骗进FBI，这份惜才的胸襟才是一个民族强大的原因。
        '),
 (530,1305487,'十二',' 他也只是一个伤心的孩子
        '),
 (531,1305487,'川总',' 真的很好看吗？我认为真的很不好看。
        '),
 (532,1305487,'彌張',' 这结局还真是没想到！绝不浪费一个人才！疏忽+牛B this is all
        '),
 (533,1305690,'刘小黛',' 一九六零年四月十六号下午三点之前的一分钟你和我在一起，因为你我会记住这一分钟。从现在开始我们就是一分钟的朋友，这是事实，你改变不了，因为已经过去了。我明天会再来。 　　 我不知道他有没有因为我而记住那一分钟，但我一直都记住这个人。
        '),
 (534,1305690,'战国客',' 虽然看不太懂，但片中张国荣实在太让人着迷了~~
        '),
 (535,1305690,'小师妹',' 像旭仔这种男人大概没有女人会不爱吧 每一个都以为自己能够改变他 其实都是做梦
        '),
 (536,1305690,'科林',' 他最终还是没能飞起来；她最终还是忘却了；他最终还是没能接到电话；她最终还是割舍不断；他最终还是卖掉了车；她最终还是去了美国；他最终还是踏上了2046；他们 最终 还是……
        '),
 (537,1305725,'doee',' 捍卫人权只是信仰，一点不妨碍其行为的残忍。
        '),
 (538,1305725,'NullPointer',' 上下文是多么重要。。
        '),
 (539,1305725,'薇羅尼卡',' 雖然之前已經看過劇情簡介，但是看至最後一刻，還是崩潰到失聲痛哭。人究竟為了什麼可以丟棄掉自己的生命？IT''S YOUR FERR KEY. 然而你我都是貪生怕死之徒，只求苟活於這個骯髒醜惡不夠完美的世上，苟且度過一生。
        '),
 (540,1305725,'千鸟歌戮羽',' 废死族拍的片子，不喜欢用极端方式来政治诉求。到底应不应该判死刑，应该由被虐至死的受害者灵魂来做决定，而不是所谓慈悲的外人。如果无期徒刑能真正无期（无减刑无假释无保外）我倒是赞成废死。可前段时间那云南连环杀手就是有杀人前科的犯人从监狱放出来后又重开杀戮。慈悲杀人犯，就是对受害者残忍
        '),
 (541,1306029,'♣lùlu♣',' 所以说不要学数学,你就是不信邪
        '),
 (542,1306029,'鵣',' 是的，你必须学会分清哪些是幻觉，哪些是梦，哪些是真实的人生，才可以活下去。
        '),
 (543,1306029,'眠去',' 你让我相信还真有感情这回事。
        '),
 (544,1306029,'袁牧',' 我发现我的一句话短评竟然造成了严重剧透，所以我做了修改，我的建议是，在先生（女士）您看到我这条短评时，请停止手贱，不要再浏览任何短评，以防剧透，立刻去看电影。您将体验电影剧情的不确定性而感到万分愉悦。
        '),
 (545,1306249,'理想多钱一斤啊',' 现在在看看16年前的周星驰片，经典到典故多得吓人
        '),
 (546,1306249,'minami',' N遍
        '),
 (547,1306249,'犀牛',' 只为了“比比谁惨”那一段，就已是经典。
还有FLASH的经典《阴天》版，
        '),
 (548,1306249,'待城',' 超经典的电影，看多少次还是感觉很搞笑
        '),
 (549,1306861,'桃桃淘电影',' 真正的戏眼是达科塔·范宁。她才是催泪的原动力
        '),
 (550,1306861,'abby',' 哭到只剩半条人命~
        '),
 (551,1306861,'小姬',' 哭得稀里哗啦~
        '),
 (552,1306861,'思考的猫',' 孩子和“傻子”演技都很强大，更重要的是，它表现的一种富于人文精神的理念。
        '),
 (553,1307315,'柳具足',' 哪吒要是搁现在，就是一少儿精神病患者：躁郁症、暴力狂、自杀倾向、逆反心理……辅导人员要密切关注他看什么书，听什么音乐，玩什么电脑游戏，业余时间从事什么活动，必须定期参加心理辅导，服用抗躁郁症药……比美国哥伦比亚中学枪击案主谋更犀利的家伙
        '),
 (554,1307315,'香水瓶',' 我都看哭了
        '),
 (555,1307315,'Paradox',' 个人认为其中哪吒自杀的情节有很重的虐恋色彩，我小时候第一次看到，内心有一种很奇怪的感觉。
        '),
 (556,1307315,'曹三公子',' 从小就喜欢哪吒，虽然现在来看觉得他是个熊孩子，但是把骨肉还给父母的时候我真的好感动
        '),
 (557,1307793,'nadja',' 你看看,今天的我,皮肤黯淡,有老年斑的前兆.我把燕尾蝶看完了,Swallowstail Butterfly.我喜欢里面的火飞鸿.三上博史演的可爱的像老鼠一样的男子.他一定是爱固力果的,我深信.他死的时候唱了一夜的My way.下午我唱歌,又吓倒妈妈了,尖着嗓子,还是掩不住的沧桑.
        '),
 (558,1307793,'Black Devil',' 竟然有许志安，囧
        '),
 (559,1307793,'彌張',' 感觉很脏，没觉得多好
        '),
 (560,1307793,'徐若风',' 青春史诗
        '),
 (561,1307811,'倪考梦',' 宫崎骏的电影总让人感觉世界是美好的，阳光明媚的
        '),
 (562,1307811,'林愈静',' 宫崎骏的动画片是众多动画片中我最喜欢的。
        '),
 (563,1307811,'李然',' 空中快递将会是未来物流业的核心！没想到日本人早在上世纪80年代就想出来了！7.7
        '),
 (564,1307811,'曹三公子',' 明快可爱
        '),
 (565,1307914,'影志',' “出来混，迟早要还的。” 别说，这种港片老爸老妈们已经欣赏不了了，就连弟弟一起看都没坚持看完，哎，我说，片子都这么牛逼了，对你们来说却成不了经典，叹息。
        '),
 (566,1307914,'熊阿姨',' 百年不遇的经典
        '),
 (567,1307914,'Doublebitch',' 说不好的人都不懂电影只懂装逼
        '),
 (568,1307914,'薇羅尼卡',' 经典港片，无间道，如人生~~
        '),
 (569,1308575,'陈重重',' 孟克柔张士豪林月珍。天蝎座O型，游泳队吉他社，我还不错哦。
        '),
 (570,1308575,'苏比',' 年轻时要看一下，必须的。
        '),
 (571,1308575,'夏小暖',' 我把《蓝色大门》作为我二十一岁的礼物送给自己。
        '),
 (572,1308575,'沐风而遇周星星',' 我叫周星星，白羊座，A型，辩论队，篮球社，我还不错啊。 

        '),
 (573,1308767,'D I D A',' 手提摄影，快速剪辑，身体力行，暗藏杀机。间谍动作片由此洗牌
        '),
 (574,1308767,'毛毛毛读作cuì',' 拍摄手法牛哄哄的！无论镜头、配乐、节奏都无敌的!!!!!
        '),
 (575,1308767,'文泽尔',' 巴拉克所演败坏间谍三部曲之二
        '),
 (576,1308767,'光年‖影视歌三栖民工',' 看第一部就发现，片尾曲是Moby《18》里面的哟~大赞！！！
        '),
 (577,1308777,'琴 酒',' 想象不到的桥段一个接一个，利用他人日记把妹，躲藏记忆，羞耻里的意识，知道真相的暗恋者，对彼此的抱怨，即使老套的消除记忆再次钟情也被用的恰到好处。I’ll get bored of you and feel trapped, because that’s what happens with me. OK. 这个OK的语气和表情，拿捏的好到我竟然冒出了眼泪
        '),
 (578,1308777,'理想多钱一斤啊',' 看了三分之一，然后失去了兴趣
        '),
 (579,1308777,'娘圈圈 瞎比比',' 第二次看，妙，一些有趣的段落当时没察觉。首先剧作厉害，探讨的问题严肃，与戏剧性结合的好，然后在记忆删除的过程中东躲西藏多有想象力，记忆和现实影像有微妙但无明显分界，手持摄影很酷（虽然前排大银幕把我晃惨了）。温姐和kik都是经得起大荧幕大特写考验的大美人。but 暖暖内含光是特么啥鸟翻译
        '),
 (580,1308777,'littletwo',' You can erase someone from your mind. Getting them out of your heart is another story
        '),
 (581,1308807,'一粒煞白',' 目前为止觉得哈尔是宫崎骏作品里最帅的男角
        '),
 (582,1308807,'影志',' 腾空徒步的那一段，最浪漫
        '),
 (583,1308807,'匡匡',' 激动之下，把日、英、台三个配音版本全看了……
        '),
 (584,1308807,'寄意寒星',' 这个……其实我没怎么看明白，14年的宫崎骏粉丝就这么秀逗了。……（后来千和我说她也不懂，少许有点心理安慰……）
        '),
 (585,1308857,'love mime',' “你看过磕长头的人吗？他们的脸和手特别脏，但他们的心特别干净。” 

        '),
 (586,1308857,'三丁',' 看了陆川近年的作品...觉得这片绝壁不是他拍的
        '),
 (587,1308857,'綦',' 震撼的天堂
        '),
 (588,1308857,'安东妮',' 拍得有些粗糙，但强烈。
        '),
 (589,1309046,'赵大宝',' 人民不应该惧怕政府，政府应该惧怕人民。现实和电影的区别是，他们没开枪。
        '),
 (590,1309046,'深海的心',' 真哭了。不是个人英雄的意思，而是，幻想中人民最终会胜利的感慨。
        '),
 (591,1309046,'伍德与夏洛蒂',' 这世上所有的革命都大同小异，所有的独裁都定制嘴脸，为什么明明是车轮般的历史，却还是能一次次让人血脉喷张？因为你要记住的不是一次事件，不是一场游戏，不是一个节日，不是一部电影，更不是面具下的一副血肉之躯，而是一个永远要人信仰自由的理念。BTW，中国人一定最看得懂这部片子，不解释。
        '),
 (592,1309046,'Iris',' 自由万岁!
        '),
 (593,1309163,'Thanks God',' 爱情没有那么多借口，如果不能圆满，只能说明爱的不够。 
        '),
 (594,1309163,'左胸上的吸盘',' 倒霉弱智片。如果你觉得这个就是浪漫爱情，我觉得你在吃屎这件伟大事业上还有可提升之处。浪漫至死的马卡维耶夫等一干导演平心静气完爆你
        '),
 (595,1309163,'rosingsing',' 無關電影本身 我就是相當相當的討厭這種故事情節 明明已經分手 明明各自開始新生活了 爲什麽那麼多年之後還要闖入對方的世界 你們兩個舊情複燃 破鏡重圓 你們圓滿了那別人呢！現在的伴侶就不要了！這種自私的愛情不要也罷！要么就別分！要分手就滾遠！
        '),
 (596,1309163,'李丝丝－带劲女',' ryan gosling帅气
        '),
 (597,1316510,'大头绿豆',' 刘镇伟烂起来是真的烂
        '),
 (598,1316510,'飞天PP猪',' 刘镇伟哪里比王家卫差？！
        '),
 (599,1316510,'宋阿慕',' 当年看得我笑至浑身酥软的一部好电影.
        '),
 (600,1316510,'tavico',' 跟同学一起又看了一遍，最喜欢刘嘉玲
        '),
 (601,1388216,'影志',' 《断背山》因你与奥斯卡失之交臂。
        '),
 (602,1388216,'九尾黑猫',' 当导演有些用力过度，当编剧非常称职。如果我是评委也选它是最佳影片，不是因为最好看，而是因为最反映社会现实。
        '),
 (603,1388216,'女魔头',' 有点太假的感觉。
        '),
 (604,1388216,'白羽',' 一部让人深思的社会伦理,道德片,剧情紧凑感人.好片
        '),
 (605,1395091,'飞鸡',' “好片子，但不想再看第二遍”
        '),
 (606,1395091,'安德烈~喵~',' 1小时20多分钟的片子, 却感觉像2个小时的片, 不是因为无聊难耐, 因为涉及几个人的人格分裂和精神错乱等, 情节复杂而且引人入胜, 给人一种内容满满的感觉, 同时故事的节奏处理得相当好, 讲述得干净利落, 一步到位, 点到辄止. 不过真想不到, 今敏也会有这么残忍的作品...
        '),
 (607,1395091,'深海的心',' 谁来告诉我用动画代替真人电影中的悬疑惊悚精分什么的具有什么优势？我认为动画就应该尽其本分，表现童话神话之类的狗屁，不应该承载真人电影的使命。诚实地说这片子我看不进去，动画的形式大大削弱了我的兴趣。今敏不是不牛，他的回忆三部曲就明显是合格的动画，比这个好
        '),
 (608,1395091,'翻滚吧！蛋堡',' 看今敏解读，他自己提到《梦之安魂曲》里浴室镜头的模仿：“什么致敬，明明就是抄袭！那个坐在浴缸里的女主角就是詹妮弗·康纳利。后来我还和她坐过同一架飞机，结果她在头等舱，我在经济舱。”哈哈哈哈哈哈
        '),
 (609,1397546,'国产盘丝大仙',' 希区柯克遗风。    突然觉得彩色侵袭以后，我们失去了一种多么美好的电影风格。
        '),
 (610,1397546,'西帕克',' 两个发现，一个主角叫Cobb，另一个主角房门上有个蝙蝠侠标志。
        '),
 (611,1397546,'撕撕撕',' 我就是那种讨厌的不爱看故事的人怎么着了？特别是以创造意外结局和玩儿叙事为终极目的的片子。
        '),
 (612,1397546,'城南草木生',' 诺拉第一部长片，69分钟一个故事，真棒。
        '),
 (613,1401118,'Doublebitch',' 像是在看贝克汉姆、刘德华和徐锦江一起演戏……OST真棒！！！！
        '),
 (614,1401118,'薇羅尼卡',' 太喜欢他了，音乐自是NB的不用说～这个老头子年轻的时候这么帅啊～～
        '),
 (615,1401118,'扭腰客',' 每支枪都有他们自己的声音，我喜欢ugly，哈哈哈
        '),
 (616,1401118,'羊茂出在杨身上',' 怎么看都觉得good和ugly有基情~
        '),
 (617,1418019,'有病的乃提乃',' 50年过去了，中国动画不进反退，还有比这更可悲的事么。技术上止步不前，创意上才思枯竭。一群羊和两只狼的故事都被反复翻炒出N部，悲矣；当年号称十年巨制制出一部宝莲灯，贻笑大方矣。现在小孩的物质条件比我们好了n倍，但是我仍然觉得当年的我们是幸福的，因为有这么多优秀的动画片陪伴成长。
        '),
 (618,1418019,'老阿飞—故园',' 中国动画=大闹天空，虽然对很多动画来说这样很不公平，但是，你能找出其他这么有代表性的佳作？
        '),
 (619,1418019,'我要去荷兰',' 【武大】从造型设计到人物动作，从脚本到到音乐，每一个镜头拿到现在仍然足以与世界好的动画相比而毫不逊色，这个腰间束着虎皮裙，手舞金箍棒，神采奕奕，勇猛矫健的猴王成人们心目中永远的孙悟空形象。
        '),
 (620,1418019,'蓝下老婆',' 永远的经典
        '),
 (621,1418200,'Smile Heaven',' 烂。我讨厌凯拉·奈特莉！
        '),
 (622,1418200,'Q。',' 喜欢导演对光线的运用，很多时候特别唯美。那个时代表达爱情的方式含蓄中有热烈，两人间保持着礼节的距离，目光却可以表达纯净、真挚的情感。片中温馨，平和的氛围，宛如一杯午后红茶，音乐也相当不错。但始终更喜欢BBC版。★★★☆
        '),
 (623,1418200,'Elizabeth',' 特別喜歡 看很多次了
        '),
 (624,1418200,'芦哲峰',' 英伦田园的风景美丽如画，绅士淑女的爱情曲折如诗；也许这不是最好的一版，但绝对是最美的一版，画面太迷人了。
        '),
 (625,1418834,'萨嘎摩多熊猫桑',' 【剧透】你有一个挚爱你的人，但我不敢说你也挚爱着他，因为你有太多的怯懦。我当然知道你爱他，你哭着对那两件衬衣发誓，让我也跟着掉泪。只不过我还是会想：或许你更爱你自己。他死了，再也不能爱你了，你后悔了吗？
        '),
 (626,1418834,'littletwo',' 喜欢李安。他的深沉、细腻、柔和、感性。他在《断背山》里揉进了那么多东方欲说还休的矜持，让我一下子觉得，他们的世界离我是那么近……
如果让我选择几部自己认为最优秀的电影，〈断背山〉肯定是其中之一。
        '),
 (627,1418834,'Connie',' He was a friend of mine.
        '),
 (628,1418834,'[已注销]',' 原来爱情都相同，只是戴着不同的面孔。
        '),
 (629,1419936,'想 想',' 做你擅长做的事，而不仅仅是活着。
        '),
 (630,1419936,'汽水|不core不得嗨',' 我爱这部电影～它太人文精神了…………
特别是中间能把飞机在一夜拆掉，哎天，太摆了实在是……
        '),
 (631,1419936,'SlevinAlmighty',' 好想也有一把纯金的AK47收藏...
        '),
 (632,1419936,'Youcilia',' 看多少遍都可以找到新的感觉
        '),
 (633,1428175,'大头绿豆',' 又是一个Leonardo适合的角色，彪悍的小混混。“几内亚，100万人的非洲第二大难民营，但在电视上，最多只能播1分钟新闻，在体育和气象之间。”
        '),
 (634,1428175,'白一刀',' “几内亚，100万人的非洲第二大难民营，但在电视上，最多只能播1分钟新闻，在体育和气象之间。” 
        '),
 (635,1428175,'深海的心',' 每个国家都曾经是非洲
        '),
 (636,1428175,'半辈子',' 范迪的儿子长得好像麦迪
        '),
 (637,1438652,'jeuce',' 你们都傻B了吗？没有判断能力了吗？这么一部血肉横飞、剧情猜都猜的出来的商业片值得被膜拜成这样吗？只是因为昆丁的名字吗？
        '),
 (638,1438652,'桃桃淘电影',' 电影的魅力，他用电影创造历史
        '),
 (639,1438652,'叶子风',' 塔伦天伦回光反照之作。《杀死比尔》时奄奄一息的他，竟然还没死。片中有让人久违的怪鸡幽默，都通过愚蠢的对话表现出来的。这是他的招牌菜。其他的乏善可陈，割头皮是大败笔，黑色有余，幽默不足。
        '),
 (640,1438652,'旧精魂樟櫆枝杈',' 这部电影给我带来的真正乐趣，来自于读它的拥趸们施施然解释自己为何喜欢这部无聊至极的出品。很开眼界。
        '),
 (641,1485260,'莫呼洛迦-屁股上的青春在歌唱',' 其实也是有感动，感动的点很奇妙。
        '),
 (642,1485260,'张小北',' 看了第二遍后，觉得是杰作。好电影就是每次看都会觉得心醉神迷。
        '),
 (643,1485260,'某茶君',' 和原著相比改动很大啊...甚至都很难说是同一个故事了...不过还是看的出来有菲茨杰拉德的那种享乐主义调调...应该说这是一部各方面技巧都比较纯熟的作品...特别是化妆...太赞了...不过看影片的时候总不自觉的想起<时间旅行者的妻子>...都是包着幻想外壳但实质是纯粹的爱情故事...
        '),
 (644,1485260,'UrthónaD''Mors',' 真的很精彩，但我看到些阿甘的影子
如果我是奥斯卡，给他们最佳化妆和编剧哈哈，可我不是，不过毕竟把pitt画的那么年轻过有那么苍老过，还有cate那么年轻明艳动人过这一点，最佳化妆还真的应当给他们。最后变成婴儿我真的不是太理解为什么会变婴儿，但是最后的新生还是理解的
        '),
 (645,1578507,'暖鱼',' Bourne去救Nicky这段最抓人。
        '),
 (646,1578507,'adele',' 我绝对是很爱马特·戴蒙的。
        '),
 (647,1578507,'桃桃淘电影',' 美国特工已经成仙鸟
        '),
 (648,1578507,'roxanneX',' Matt各种有型
        '),
 (649,1652587,'不体面james',' 当所有美国大片都开始炫耀自己的视觉效果时，詹姆斯卡梅隆只是坐在阴暗的角落里冷笑，然后抛出这么一部让所有人感慨“操，真他妈牛逼啊！”的电影。
        '),
 (650,1652587,'皮革业','  James Cameron闭上眼，全是电影的明天。
        '),
 (651,1652587,'Mr。King',' 这电影的特效是自指环王以后见过的最令人惊艳的。我觉得可以打6星！去看的时候一定要去看3D版的。
        '),
 (652,1652587,'东门杨',' 卡麦隆的故事仿佛就是一种极端的政治正确的前提下构建起来的大杂烩，这里面有以正义为名的以暴治暴，有宏大叙事的环保诉求，有对宗族主义的轻柔鞭挞，有对殖民主义和后殖民主义的积极反思，有宗教神秘主义倾向的得救，既混杂着人类学田野调查般的热情，又掺和对未来科技幻想的信心。然而，一切又都仅仅
        '),
 (653,1760622,'正统文化代言人',' 一个单凭体香达到高潮的男人
        '),
 (654,1760622,'心力憔悴光方块',' 我不懂这种艺术，看的我混身不舒服想吐。用无数生命造就一个奇迹这种梗实在让我厌恶。
        '),
 (655,1760622,'沈书君',' 用少女的体香，酿造出最蛊惑的香水。只不过是为了留住爱人的气味，他所以为的救赎。而其实，“他本身其实就是一瓶香水，馥郁绽放之后终会随风消散。”
        '),
 (656,1760622,'战国客',' 太邪乎了，进而反感~~
        '),
 (657,1780330,'伊宜以忆',' 孪生蝙蝠侠大战克隆金刚狼
        '),
 (658,1780330,'清晓黁',' 他选择了和他妻子一样的死法。100次。
        '),
 (659,1780330,'艾小柯',' 一个与同胞兄弟轮流上台享受欢呼与掌声，一个自我牺牲自我毁灭让复制品延续艺术生命。人性泯灭在狂热之中。
        '),
 (660,1780330,'SlevinAlmighty',' 牛逼的导演用的是情节去告诉人细节,而不是台词 咱普通人也是一样 想牛逼就要做到这种境界 不说话同样让人佩服的要死!!!
        '),
 (661,1787291,'张天师',' 她不明白人生失败的根源就是全身心地投入舍弃自尊来博得并不值得拥有的所谓爱
        '),
 (662,1787291,'Zephyrance',' 可怜之人必有可恨之处
        '),
 (663,1787291,'Doublebitch',' 【就算被打，也比孤独一人好】如果单拎出一段来看，一定会被浓烈的色彩、童话般的氛围和OST给骗了，其实这是一个在讲述“破碎”的故事，为了取悦别人松子不断的付出着钱财肉体灵魂乃至一切，可生活的变故却让她不断的破灭破灭再破灭，但她还是一次次站起来了，为松子鼓掌，操他妈的生活。
        '),
 (664,1787291,'一湄',' 如果上帝像姑姑一样让人欢笑，给人打气，爱别人，自己却总是伤痕累累，完全不擅打扮，傻到透顶。如果上帝就像姑姑那样，我倒愿意信仰他。
        '),
 (665,1793929,'亵渎电影',' 满眼都是演技的片子，编导的功力都放在了两位戏霸身上了，一个皮包骨，一个异装癖，不是剧本给了他们多少戏肉，剧本多么偏袒他们，真的是这俩戏霸在用生命来演戏。其实这个从非法走私药物逐步到为人权抗争的故事本就很精彩，如今在两位戏霸面前，能让人印象深刻的也就是他俩的神演技了。★★★★
        '),
 (666,1793929,'小小鱼',' 剧情很平淡，几位演员奉献了他们人生最精彩的表演，不知道马修是怎么样把自己那张帅脸变成电影里那副纵欲过度的屌丝样的，再让我感慨一下演员这个职业太不容易了…我家少爷今年不得奥斯卡最佳男配我就自宫！我就自！宫！我话放在这儿了学院不举的老头们你们看着办吧！【谁管你﹁_﹁
        '),
 (667,1793929,'乱',' 根据真实事件改编的纯剧情拍到这份上值了 男主男配的演技真心狂赞！
        '),
 (668,1793929,'九只苍蝇撞墙',' 三个主要演员都超好。我甚至觉得变形异装癖Rayon演的更出色。詹妮弗·加纳也超好看在这片里。能把一个本来沉重的故事拍的苦中作乐既有重量又举重若轻，导演和演员都展现了很高的才华。让-马克·瓦雷把一个美国南方的故事拍出了魁北克电影的味道，不容易。
        '),
 (669,1849031,'SongSongSong',' There is no "why"　in happiness, there is an "I"
里面立志的桥段很多，比如说打篮球时候威尔对他儿子说的话.这是中国父母需要学到的...尽可能地给孩子一个美好的世界.
        '),
 (670,1849031,'小熊娃娃',' ★★★ [CCTV6] 典型的美国励志片，有点假有点滥情，有些小细节不错。只是，我很反感这种“美国梦”、“成功梦”的模式，现代社会的骗局，只能把艰难的生活变得更艰难。
        '),
 (671,1849031,'水木丁',' 虽然是个好莱坞励志片，但真正让我感慨的其实是，穷人想要翻身，真是太难太难了，他们大多数不是不努力工作，但确实是一根绳子勒在脖子上，压根没有喘息的机会，而且他们的孩子从出生下来就没有，毕竟不是每个穷人家的孩子，都足够幸运能有这么顽强，比别人聪明十倍的爸爸啊。
        '),
 (672,1849031,'林||我们谈什么都像谈死！',' 我要茁壮成长，我要健康快乐，我要好好的活。我就喜欢看到别人快乐的生活，也希望自己如此。
        '),
 (673,1851857,'bayer04',' 诺兰接手后蝙蝠侠和其它漫画英雄片完全不是一个等级了
        '),
 (674,1851857,'暗礁',' 伟大之作,与其在文艺片里奋战,不如像这样提升商业片的水准!
        '),
 (675,1851857,'穆玉修',' Christopher Nolan太厉害了，好莱坞漫画类型片居然能拍到这样的高度...
        '),
 (676,1851857,'五色全味',' 诺兰的叙事能力不但在于结构上。。他总有一个与众不同的主题
        '),
 (677,1858711,'影子的影子',' 前半部分就有好几次想哭的冲动，本来以为这次能够幸免的，没想到最后几分钟那么煽情，简直要哭死了。其实3D效果并没有很出色，但是精彩的剧本真的很让人感动。这不是一部给小孩子的动画，是一部给成人的童话。
        '),
 (678,1858711,'YoyoRan🍰',' 最后安迪细数自己的玩具那让我意识到自己也就这样长大了，和我那些玩具。《玩具总动员》自幼在我心中烙下印记：让我觉得玩具都是有感情的小生命，在我们不知道的维度里有喜怒哀乐。而且玩具相对于真正的生命带给我的压力会小一些。玩具不会死，只要不遗弃它们，所以千万不要遗弃他们。7.9和你再看。
        '),
 (679,1858711,'影志',' 比梦工厂《驯龙高手》更胜一筹的是，皮克斯动画总能让人感动持久，并且部部精彩、每每动容。
        '),
 (680,1858711,'张小北',' 即使放到皮克斯标准下来看，这都是一部好电影。
        '),
 (681,1862151,'78gu89',' 中国最nb的片
        '),
 (682,1862151,'老鸡｜扶立',' 聪明的宁浩，能走多远？
        '),
 (683,1862151,'器官坏死',' 很经典灰色的电影~
没什么好说的我想你就应该踏实的去看就好了
        '),
 (684,1862151,'桃桃淘电影',' 真大很有趣
        '),
 (685,1865703,'弗朗索瓦张。',' 居然有不是很明显的gay支线。。。
        '),
 (686,1865703,'伍德与夏洛蒂',' 看这片的时候一直在怀疑自己的智商，不敢松懈半点，生怕脑力不够用。看罢更一直觉得身在梦中，久久醒不过来，今敏脑子里都在想些什么。。这片牛逼到可怕，高级到渗人，精彩到傻眼，色彩和配乐也是满分。甩开诺兰的盗梦何止十条街。谎言与真实，梦境与现实，其实一直在并存。我想给10星。
        '),
 (687,1865703,'夏不安',' Amazing！电影是最伟大的造梦机器！我觉得比盗梦空间还牛逼！
        '),
 (688,1865703,'同志亦凡人中文站',' 梦境对现实的入侵真是惊悚而奇趣啊啊！相比之下“盗梦空间”相形见绌了——或者说正是因为“盗梦空间”太讲求规则与逻辑，反而失去了今敏天马行空、随心所欲的创造力～～～
        '),
 (689,1867345,'九尾黑猫',' 三流剧本，一流演技，主要是看两个主角啦
        '),
 (690,1867345,'MIFFYGAGA',' 喜欢定好小计划然后一一划去的小成就感
        '),
 (691,1867345,'艾小柯',' 幽默而感人，向肖申克致敬
        '),
 (692,1867345,'桃桃淘电影',' 笑中带泪那种
        '),
 (693,1889243,'影志',' 太壮阔了，无以言表！40''渐入佳境，80''叹为观止，120''泪流满面，160''恍如隔世…不曾如此贴近浩瀚星空，被它环抱；不曾如此触摸生命之弦，遁入五维幻境。瑕不掩瑜的科幻神作，刷新视觉的IMAX体验，观影前撒好尿，准备接受近三小时的泪腺洗礼。“爱是一种力量，让我们超越时空感知它的存在”-发自豆瓣App
                
                
        '),
 (694,1889243,'\t^h/',' 两星半给配乐演员和几个画面分一下。诺兰电影里对人性的阐述简直就像中学生一样自以为深刻又理智，结果剧情转折啊非正面人物啊都快成unintentional comedy了。视听方面除了有钱有技术，并没有觉得有什么创新，还有诺兰拍动作戏太！难！看！了！还好是用的赠票。
        '),
 (695,1889243,'Sand™️',' 非常理想化，所以显得很有种，没有公司敢让任何人拍这样的电影。致敬库布里克的镜头体现了导演的少女心。但有2001珠玉在前，我认为这部顶多和它并驾齐驱。诺兰尽其所能拍出了触手可及的科幻，硬核又充满人性，温情又隐含黑暗面，让人潸然泪下。“理想化”是不是削弱了剧本？大家保留各自意见吧。
        '),
 (696,1889243,'舌在足矣',' 相比诺兰之前的片子，这部显得比较慢热。然而前两段的层层铺垫终于迎来了第三段主题呈现的水银泻地。Inception仅仅一笔带过的亲情成为了这部电影的核心母题。麦康纳和查斯坦的精湛演技，胶片IMAX呈现出的影像质感，实拍特效的震撼人心，平行剪辑的完美流畅，寂寞大叔创造性的管风琴配乐，神一样的诺兰
        '),
 (697,1900841,'苏比',' 我们总是歌颂从未发生过的事。
        '),
 (698,1900841,'今天小熊不吃糖',' 看到结尾到底还是忍不住泪奔了
        '),
 (699,1900841,'润物',' 任何打着马克思主义红色旗号为所欲为的政权都应该被彻底碾碎，它们往往比法西斯纳粹更加邪恶与恐怖，时间早晚会揭开历史的面纱，好让我们一窥时代的原貌。这部片子的演员水平相当之高，特别是扮演特工的男主角，他已经将内心戏表现得淋漓尽致、登峰造极，也正是由于这些表演，更加深了影片的感染力。
        '),
 (700,1900841,'我要去荷兰',' 真的很赞，尤其是演员的表演！淡化意识形态的典范之作！故事本身也很精彩！
        '),
 (701,1905462,'eris',' 出门必备：本草纲目
        '),
 (702,1905462,'喳',' 看的时候我就想背着相机去旅行了，看完之后我就睡觉了。
        '),
 (703,1905462,'kskxxx',' 有钱人真是闲得蛋疼。P大点事就逃避社会流浪世界去了？
        '),
 (704,1905462,'青年哪吒',' 中产阶级的矫情
        '),
 (705,1907966,'欢乐分裂',' 家庭、爱情、冒险、飞翔、萌物、励志，梦工厂的各种元素几乎齐活了，欢乐如过山车；永远的父女情深，永远的误会冰释，永远的末日脱险，别说幼稚别说俗套，如果影院天天上映这等水准的片子，我也愿意天天去看！
        '),
 (706,1907966,'等一个人',' 看的时候莫名的期待结局是一场空...
        '),
 (707,1907966,'阿德',' 基本上每分钟都是笑点，笑惨了好吗！绝对是今年大银幕上最搞笑的电影，且很可能没有之一！3D效果也超赞，色彩绚丽程度不亚于《里约大冒险》。我估计带我三岁儿子一起看，也会乐得屁巅屁巅，因为实在太老少皆宜了，这就是好莱坞动画的魅力。
        '),
 (708,1907966,'谙',' 梦工厂又回来了! 亲情, 爱情, 友情一个都不能少! 崭新的背景设定, 奇妙的3D画面, 非常立体的人物刻画! 是继冰河3之后我最喜欢的作品了. 按照第一部的开放式结局来看, 这后面2,3,4的续集那是妥妥的啊!
        '),
 (709,1929463,'九只苍蝇撞墙',' 一台灣人以歐美人的3D眼鏡視角講印度人和動物在海上的事兒，除了投合有消費能力的各族人民的口味意圖賺很多錢，實在看不出拍這樣的片子有什麼意義。李安招牌似的溫情肆意氾濫毫無節制。特效和美術設計都萌的很二手日本，後來一問才知道原來出自寶島特效人員的手筆。
        '),
 (710,1929463,'木卫二',' 不得不承认，跟要讲的漂流故事一样，电影有个挺吸引人的3D开头。中间开始乏力，大段大段重复的明信片场景，呼唤神灵喊妈妈。至于所谓的黑暗版，这种流于表面、直接扔给倾听者（观众）去选择的方法，真的很独到吗？信哪个会提升你的人生感悟么？？反正，它是影响不了我对影片的失望
        '),
 (711,1929463,'米粒',' 五星献给自己看到的最好的3D电影。李安自己也说，拍这电影是不可能完成的任务，但他自己辛苦努力四年终究做到了。第一次如此感受到3D是一部电影不可分割的一部分，以及变换的画幅比例、层层交替的剪辑，一切都是为了故事本身。故事从冒险到有些奇幻，PI其实没有很多内心表达的镜头，但我可以感受到它
        '),
 (712,1929463,'黑桃',' 同樣是關於少年和冒險的故事，不得不說，勝過老馬的《雨果》不止一兩點。第一次，3D的感覺不再那麼商業。50屆紐約電影節光榮開幕影片！More than just amazing and great. 
        '),
 (713,1937946,'A-sun*',' 场景狠是漂亮。真琴的人物性格刻画是我最极讨厌那一类型，逃避现实，笨，配乐喜欢。完。
        '),
 (714,1937946,'沉歌',' 只因为青春不可重来，于是我们才会如此缅怀。这就是为什么关于青春的故事永远有人在讲，永远有人在唱，也永远有人愿意听。白驹过隙，时过境迁，岁月磨平了棱角，时间改变了容颜，唯独记忆被永久保留了下来，等到青春静静的沉淀，你是否能读懂了那封在青郁时光中埋藏在心底的情书？
        '),
 (715,1937946,'Minjie',' 情节太拖沓 也许是我一介大叔已然不懂少女心
        '),
 (716,1937946,'薇羅尼卡',' 爱上未来的你
        '),
 (717,1959195,'vanille',' 我等你是因为，再没有人像你对我那么好T T
        '),
 (718,1959195,'影志',' “为什么要等一个永远不会来的人了？” 比美版更平实、简单，没有煽情和太戏剧化的情节，但美版先入为主，还是更喜欢美版。
        '),
 (719,1959195,'匡匡',' 喜欢教授那句话：人有人格，狗也有“狗格”。日本动物爱护管理中心主页上写着：1.无法继续豢养的动物，请不要丢弃（以前是免费，现在只需交付2000日元即可由保护中心收容接管）。2. 遗弃、虐待动物是犯罪。3. 遗弃动物者，处以50万日元以下罚款。4. 杀、伤动物者，处以一年以下刑拘或100万元以下罚款。
        '),
 (720,1959195,'纯羊',' 看这部电影，哭得稀里哗啦。我当时只是很爱狗，没有养宠物，养了以后更是不敢看了，我喜欢把电影反复看，唯独这部，只看过一遍，然而观看时的情绪，一直深深记得。
        '),
 (721,1978709,'黄妖柒',' 有点无聊 教育我们不要逼自己太紧
        '),
 (722,1978709,'九尾黑猫',' 非常概念化的故事，毫无情感内核，充满刻意的惊悚，只能用化妆和特效弥补对故事掌控的不足，要说非跟冷血惊魂比，实在有点露怯。波曼的表演也实在缺乏点层次吧，从头到尾不知所措的慌张表情实在看得生腻。所以表演还是讲求天分的事儿，跟智商无关。
        '),
 (723,1978709,'城南草木生',' 好看到呛着人，波特曼就是一直被过于标致的容貌给拖累的公主，这是要飞起来了，看到干巴成那样五官依然标致的前公主薇诺娜赖德又出来跑龙套好心酸
        '),
 (724,1978709,'|',' 一个女孩要演出很紧张后来她就自杀了
        '),
 (725,2043546,'结崎枣',' 每一帧都细到能截下做桌面TAT
        '),
 (726,2043546,'小米=qdmimi',' 好多壁纸……
        '),
 (727,2043546,'小岩菽',' 总是看着身后比你更远的地方。不知不觉那就成了我们的距离。可即使我只看着你，你也变成那些距离我越来越远的事。
        '),
 (728,2043546,'大波福娃',' 好废柴好废油好废神
        '),
 (729,2053515,'寂地',' 只是从你身边经过，度过最难的时光，就各自上路。
        '),
 (730,2053515,'安东妮',' 这个国家人人都是Damien Rice么
        '),
 (731,2053515,'薇羅尼卡',' 我们曾经短暂相遇，然后又即刻分开，不过那又有什么关系呢？总有时间为证
        '),
 (732,2053515,'陈重重',' Are you really here or am I dreaming?
        '),
 (733,2129039,'Orchid',' “我总是记得那些无聊的小事情……”“感谢你给了我精彩的一生”，简单并深情着
        '),
 (734,2129039,'Mr.王™',' 有史以来最强壮的老爷爷和最轻便的房屋~一群最不靠谱的狗和一只引人发笑的怪鸟~外加一位惹人喜爱却戏份不多的老奶奶，组成了一部我大爱的好片！
        '),
 (735,2129039,'阿北',' 史上第二彪悍钉子户的离奇拆迁故事。Pixar完美地成熟了。
        '),
 (736,2129039,'暹罗copen',' 找回丟失已久的夢想吧！在我還未老去的時候···
        '),
 (737,2131459,'徐小花',' 把所有的好东西都给eva
        '),
 (738,2131459,'艾小柯',' 小瓦力，大人生
        '),
 (739,2131459,'陈重重',' 地球上最后一個收納歸類狂walle應該是巨蟹座吧。。
        '),
 (740,2131459,'陀螺凡达可',' 堪称完美的动画作品。
        '),
 (741,2149806,'影志',' The gift of the last memories.
“人一辈子买的最后一样东西(棺材)是由他人决定的。”“死可能是一道门，逝去并不是终结，而是超越，走向下一程。”“入殓师就是让已经冰冷的人重新焕发生机，给她永恒的美丽，这要有冷静、准确、而且要怀着温柔的情感。”《入殓师》的中国遭遇：“它的国际首映在大连
        '),
 (742,2149806,'A 涂',' 好吃得让人为难
        '),
 (743,2149806,'圈圈圈',' 温情美好着。可以让你感动的一部片儿
        '),
 (744,2149806,'孬爷爷',' 尊重死者
        '),
 (745,2209573,'水木丁',' 这一次，好莱坞山寨了宝莱坞。
        '),
 (746,2209573,'镜听',' 想了想，还是给了四星——其实我觉得它没有那么好。动人的音乐，流畅的节奏，美丽的画面——纵然肮脏也是美丽的，自始至终都充满了那种顽强的，不可遏止的生命力。
但还是觉得……无论如何都有着欧美导演看东方那种猎奇的意思。这种“猎奇”对我们来说其实也是一样——繁华与污秽并存的孟买，阳光尘土中的泰姬陵，黑暗的街巷，垃圾堆上的贫民窟……包含的元素和符号太多了。固然有着野心和足够的手段，但同时也会冲散很多东西。
大概还是心存警惕。不过无论如何，丹导还是有两把刷子的……这年头会讲故事的导演已经不多了。
        '),
 (747,2209573,'眠去',' It is written
        '),
 (748,2209573,'九尾黑猫',' 特别像文艺片导演拍的大片，还是挺有情怀的。不觉得是贩卖贫穷，是人家那种追求真爱的精神嘛~特别符合美国梦的要求。
        '),
 (749,2213597,'眠去',' “只有一件事可以让灵魂完整，那就是爱！”男孩流着泪的脸经过隧道的阴影，变成了男人，但对她的爱从未消逝，从十五岁开始，一直到她死。甚至他死。
        '),
 (750,2213597,'UrthónaD''Mors',' Hanna其实不在乎自己。一个人如果没有在乎的东西，也不在乎她自己的时候，真正了无牵挂，她就可以非常决绝。她的自杀应是情理当中的而michael这个角色让我觉得他怎么这么糊涂，一直与两人见面时，那番犀利的话还有沉迷的糊涂的一生，到了女猪脚死后的最后才真正觉醒....
        '),
 (751,2213597,'邹小樱',' 完全把原著的光芒泯灭了。就他妈是一部爱露点的山寨爱情片。
        '),
 (752,2213597,'亵渎电影',' 下一代的梅丽尔斯特里普
        '),
 (753,2297265,'夜礼服卡索面',' 导演潜伏过中国的初高中么。
        '),
 (754,2297265,'大胡子导',' 他们所恐惧的正是我们所习惯的。
        '),
 (755,2297265,'SweeeeeeeeeeeT',' （真实事件是发生在美国的）
        '),
 (756,2297265,'无可就要',' 迷人的法西斯。题材很好，可惜拍的不太好。
        '),
 (757,2300586,'Lan~die',' 围炉夜话神游八荒，科幻真正的魅力不是视觉效果能取代的。
        '),
 (758,2300586,'蛮爷',' 我想大多数人都是搬沙发的工人。
        '),
 (759,2300586,'和菜头',' Fucking  Amazing!!!
        '),
 (760,2300586,'小麻雀书店',' 被装逼者奉为经典的科幻烂片
        '),
 (761,2334904,'上海冬天',' 我打4.5星，不能得5星的原因是，电影有些长…… 故事很好，每个转折点都很清晰，故事就像《本能》一样，到最后一分钟揭晓大结局给人惊喜。说不好看的同学，大概没有注意结尾。因为谜题的揭晓，是在影片结尾莱昂纳多说的一句话里。
        '),
 (762,2334904,'龟妹子',' 男主角演技太烂
        '),
 (763,2334904,'CARSON',' 《穆赫兰道》+《小岛惊魂》+《爱德华医生》
        '),
 (764,2334904,'吕蕤冰',' 这片子一开始就剧透了，Teddy的船舱里那些手铐锁链分明就表明这艘船是押运重暴力倾向精神病人的
        '),
 (765,2353023,'龟妹子',' 强过阿烦达太多太多了
        '),
 (766,2353023,'玻璃被子',' 我觉得今年其他的动画片可以不要演了
        '),
 (767,2353023,'❤ 。韩小绿',' 我怎么觉得一点都不好看呢。对于那么喜欢看动画片的我来说。情节实在有点弱。
        '),
 (768,2353023,'张小北',' 自《阿凡达》之后最愉快的3D电影观影体验。
        '),
 (769,2363506,'琦殿',' 我还是喜欢那种仨傻子那种欢乐和鬼马的片儿啊，这个励志方面太满了，溢出来。
        '),
 (770,2363506,'心清如玉',' 天才和白痴只有一个伯乐的距离！
        '),
 (771,2363506,'不约不约',' 每一个小朋友都是一个天使，我们要好好呵护
        '),
 (772,2363506,'喵喵喵…',' 很有意义的一部片子，有笑点又有泪点，好看～
        '),
 (773,2365260,'脑残枪',' “寂寞得害怕。小时候，寂寞是因为没有朋友；长大了，寂寞就是比没有朋友更寂寞。我有时在想，如果真的很爱一个人，我们能接受这种事么？如果有一天，他死了，离别这种事是生命中的一个部分。我们都知道，我们真的能释怀吗？我们真的爱一个人，不害怕他离我而去吗？还有就是，我们必须接受，无论我们在哪里，所爱的人不在身边了；这样吧，就是寂寞。我这样都已经五年了，为什么我们的世界会是这样的？不知我们剩下的日子是怎样的……” 

        '),
 (774,2365260,'安东尼',' 彼此 相爱的美少年 就应该在一起!
小攻 的责任就是 照顾小受!
        '),
 (775,2365260,'木卫二',' 这么的好？
        '),
 (776,2365260,'尼桑，都是尼桑的错',' 没有什么惊天动地的,翻天覆地的,纯纯的,轻轻的,却让眼睛忍不住一下就酸了。TONG跟MEW的道别 
"我们还是不要在一起了" 
"但是 这并不是说 我不爱你" 
MEW那定住的笑脸，那强颜的笑容。
就象那句台词，我们一直在为爱犯错，可是幸好是为了爱……
        '),
 (777,3007773,'匡匡',' 人物脸谱化，小丑化，剧本处理凌乱粗糙，基本上没有细节呈现，为戏剧性而戏剧性。一众人在追捧山呼，颇有文革气氛。据说体现了“摇滚精神”，但除了点蹩脚笑料，实质是反而直接将摇滚精神简化至一个时髦口号。配乐虽好，但音乐早已先于电影而存在，在一部到处充满噱头的影片里，摇滚乐不过是另一个噱头
        '),
 (778,3007773,'公爵@316',' 这船真乌托邦！！！
        '),
 (779,3007773,'安东',' 这部电影告诉我们：关键时刻，粉丝能救命啊……
        '),
 (780,3007773,'melonking',' 邪恶的政府 。自由放荡的R ock DJ 。这是1960s的童话。主题不是摇滚乐。整个故事只是努力从古老的摇滚乐时代里挤出边角笑料来。一群男人在船上。会发生什么。这只是部喜剧。1960s只是件衣服。下次换上70S。还有80S等着呢。
        '),
 (781,3008247,'shu',' 最后他成为了穿条纹睡衣的男孩。
        '),
 (782,3008247,'萨嘎摩多熊猫桑',' 每一个"纳粹"的孩子, 上辈子都是折翼的天使
        '),
 (783,3008247,'Hey Johnny',' 夜里安静地看这部片子，莫名的忧伤和震撼。有时候可怕的并不是罪恶本身，而是掩饰罪恶带来的后果会让人误以为罪恶是美好的。看到结局，最后的防线被击垮了，到底该为小男主无辜的死亡和其母痛失爱子而悲恸，还是要为这死成了对其父及纳粹罪行的惩罚而窃喜…（ps.Rupert Friend太妖孽。
        '),
 (784,3008247,'恶魔的步调',' 一个纳粹家庭的集中营生活
        '),
 (785,3011051,'天狼星',' 我看过的最好的悬疑片，为了严谨，加上之一。。。
一个循环的世界，西西弗斯的世界。。。
看完给人以警醒，我们总是在说，如果给我再来一次的机会，我一定会怎么怎么样，但是真的是这样么，电影给了我们一个很好的答案。。。
最后再说一句，看懂了这部电影的人，会毫不犹豫的给5星。。。
        '),
 (786,3011051,'某不知名网友',' 不要企图在重复中寻找已经失去的爱
        '),
 (787,3011051,'荷步(Bunnyeh)',' 大家都知道了片尾即是开头，终点便是起点。而女主早已死，死在那个阳光明媚，驾车带儿子一起前往港口的路上。也就是车祸，是结尾处躺在地上连衣裙的她，这个她才是真正意义上开车然后撞车死去的她。而站在路旁茫然看着眼前景象的她，完好无损的她，实则是灵魂。女主因为难以接受至爱的离去而想扭转这样
        '),
 (788,3011051,'大奇特(Grinch)',' 4星，看过两遍以下者不要随便说有BUG，拜托您先多看几遍再说！又是“从前有座山，山里有座庙，庙里有个和尚讲故事的”的死循环的穿越片，很牛X。解析看http://www.douban.com/review/2820200/
        '),
 (789,3011091,'渾濁儿',' 你要养狗,就不能当它是guest,十年可是一只狗的一辈子
        '),
 (790,3011091,'malingcat',' 八公的主人，也在天堂的门口等了它很久吧。
        '),
 (791,3011091,'亵渎电影',' 豆瓣影迷的品位就这样，一遇到催泪和卖萌，评分就失控了。对于忠犬八公的故事早有耳闻，看着美版的改编，其实没什么亮点，模式化的重述了一遍故事而已，比如那个树叶变绿变黄飘落的镜头，我汗了。看着忠诚的狗狗等了主人一辈子，催泪彻底让人失去理智了，大家都被自己感动了。★★★
        '),
 (792,3011091,'Mr.lonely',' 催泪大片，排毒良品，超憨的秋田犬，还有久违的理查基尔兄
        '),
 (793,3011235,'Mr。King',' 我们的童年结束了，希望下一代人的童年里还会有魔法师，还会有霍格沃茨。
        '),
 (794,3011235,'小斑',' 结束了结束了结束了。姐姐的青春和爱情都跟着一起结束了。结局篇就是看在这十年的相伴上也得给五星啊。这部电影的存在已经构成感情绑架了。教授太萌了……你就这么萌死了……
        '),
 (795,3011235,'潛水云',' 3.5★ 不談感情，這是我看完HP7.2的感受。如果你睡得朦朦朧朧的去看早場，也許會冷靜幾倍。HP7.2給我的感覺是結構很鬆散，簡略帶過、細節位少、3D失敗、配樂還算可以，有炫酷的特技、奈威和露娜的出場成亮點，說到笑位應該屬於最後成老爸、老媽那一段了。最後只能說：我們長大了，電影沒一起長大。
        '),
 (796,3011235,'010101',' 五星也是一起纪念青春的（泪目）
        '),
 (797,3072124,'冀照寜',' 亲爱的陌生人，我可以用一瓶眼泪和你交换巧克力热狗吗。
        '),
 (798,3072124,'陌生人',' God gave us our relatives, thank god we can choose our friends.
        '),
 (799,3072124,'jj73浅之',' 所以说，一般让人哭得那么惨的片子大半都是自传体。看到一豆友的短评“我们为什么需要3D？”说得真好，我们已经有这么优秀的2D动画了。这是09年最让我感动的动画电影
        '),
 (800,3072124,'jumbu',' 玛丽是场灾难湿漉漉的鸡味亨利八号把孩子放在啤酒瓶底马克思讨厌星期四健康的身体等同于健康的思想孩子是孵出来的我脸上不笑但不代表我脑里不笑绵羊会缩水吗如果出租车倒着开那么司机是不是该给我们钱呢为什么老头把裤子提得很高使世界青春焕发的魔力雪花膏
        '),
 (801,3073124,'Eudemonia',' 由帝国主义的抠门牵引而出的人性礼赞
        '),
 (802,3073124,'遛海豹',' lunar公司很不怕麻烦，不仅在克隆人中植入记忆芯片，还要签三年合同。这是该公司股价下跌的根本原因。
        '),
 (803,3073124,'你们家',' 我们不是程序 我们是人
        '),
 (804,3073124,'虎！火！发！动',' 09真正的最佳电影，没有之一。一切都如同斯坦利老头回魂，08年让人最震撼的演技是《饥饿》里的Michael Fassbender，今年毫无疑问是《月球》里的Sam Rockwell
        '),
 (805,3075287,'tower',' 如果画面停在最后一吻上,就完美了.
        '),
 (806,3075287,'画下天籁',' 还好结局不是停在最后那一吻上，否则我给不了五颗星。希望在美好时停住，其实是内心脆弱的表现。从美好开始，延续下去，才饱含未来充满的坚强和希望的力量。谁的人生没有遗憾？但你要相信，在另一个世界，那些遗憾会被弥补。
        '),
 (807,3075287,'易老邪',' 居然有那么多人认为《源代码》最完美的结局应该是定格在最后那一吻上，由此可见，真要这样结尾够有多么的恶俗不堪啊。
        '),
 (808,3075287,'A L E X',' 很久没有看这种结构的电影了，所有一切都很赞，而立之年的Jake更多了一份稳重内敛，碧蓝的双眼温暖至极。最后看哭了。i''m asking you,just send me back in, then switch me off. Everything is gonna be OK.
        '),
 (809,3157605,'城南草木生',' 看人家孩子心理多健康。。。
        '),
 (810,3157605,'扭腰客',' 这孩子在中国早被叫家长一百回了
        '),
 (811,3157605,'胤祥',' 1、60年代的法国，《四百下》式的学校，尼古拉不是安托万，因为世间已无特吕弗。2、小孩子对生活的看法，是想象力也是漫画式的社会写真，电影虽甜，倒还有些讽刺。3、片头剪纸动画是神作，时代气氛还原的不错，剧作改编很到位，此片就是儿童喜剧，包含动作喜剧的规定程式，就情感结构而言，足矣。
        '),
 (812,3157605,'aluuuuuuuuuuuu',' 妈的10星我给9星！我爱你啊sempe！从头笑到尾的好片子。
        '),
 (813,3217169,'发条Punkdream',' 整部片子就像一次高质量的性爱，虽然剧情都按着可以预见的方向发展，但够硬，够热血，连续的高潮，抽搐着看完，最后还交出了些体液
        '),
 (814,3217169,'A L E X',' 整个人都燃了！！不枉我期待了这么久！Tommy的每一拳其实都带着倔强的孩子气！最后那场兄弟之战的催泪指数超出了我的预计！边拽着拳头边在心中嘶吼了无数句“别再打了……”真的太虐了！求速死！像Tom Hardy这样的演员太不可多得了……不论你曾经是不是他的fan，看完这部电影你一定会爱上他！！！！！ 
        '),
 (815,3217169,'小Z™',' I love you.Tommy
        '),
 (816,3217169,'Doublebitch',' 斗士 + 铁拳男人 + 摔跤王 + 铁甲钢拳 = 勇士，BTW字幕组又卖萌，也是乡村基铁托儿么……
        '),
 (817,3287562,'小偷|隐忍沉定',' 内容低质化，笑点成人化，对手弱智化，背景莫名化
        '),
 (818,3287562,'憬年',' 有细节 各种惊喜各种萌， 虽然煽情痕迹严重 不过不影响片子整体。
        '),
 (819,3287562,'貳號',' 密集物恐惧症也不恐惧了 太可爱鸟！
        '),
 (820,3287562,'梦龙胧',' 看到短短胖胖的小药丸， 就觉得好可爱，戈玛幼稚又充满希望的成熟让我心生怜爱。
^_^
        '),
 (821,3319755,'桔子字字',' 我看完后也对这女孩感触特别深，她独立而勤劳，恪守自尊但又不敏感到浑身长刺，正像邦妮另外一条说的，没有那个男孩，她也会生长得很好。对于成长电影来说，它对孩子和家长都很有教育意义，不论面对挫折还是爱，它都有非常正向的可贵的价值观。
        '),
 (822,3319755,'❤yone.小米',' 篮子男孩，好萌的活动，怎么我们学校以前没有啊！
        '),
 (823,3319755,'Doublebitch',' 赤果果的早恋啊！在天朝肯定要被禁！
        '),
 (824,3319755,'晨光荣耀',' 山楂树在梧桐树之前就是屎～
        '),
 (825,3395373,'果猪',' 好看。但这么多明星都盖不住上一集中希思莱杰的光芒。部分场景令人联想到文革，并很明显的隐射了社会主义者与资本主义社会的矛盾。
        '),
 (826,3395373,'虎！火！发！动',' 看到一半就直接在影院玩手机了。一句话：第二部装深沉已经够恶心了结果这部比第二部更事儿逼我真的服了 (收到多封傻逼豆油來噴所以補句我他媽只是陪人去HK逛街的然后還順便被朋友拖去影院又不是我出錢所以那些覺得我看了二還去看三是自找沒趣的人手手睡吧某些粉别把想舔諾蘭帝屁股的願望寄託給一個龍套
        '),
 (827,3395373,'白发生',' 英雄挥别，正气永存；史诗落幕，传奇不朽。漫长黑暗过后，终迎黎明曙光。
        '),
 (828,3395373,'陀螺凡达可',' 好看的好莱坞大片，但却绝不是合格的诺兰电影。随着主题而逐渐庞大的故事格局严重缺乏细节逻辑情感等各种支撑，诺兰显然忙着给三部曲画句号顾此失彼，这也直接导致高潮部分摇摇欲坠站不住脚，而片中几处剪辑失控更是让人错愕。
        '),
 (829,3442220,'缅怀树',' 太煽情 太主观
        '),
 (830,3442220,'蘇瓦特',' “All social change comes from the passion of individuals. / 所有社會變化都源于個體的激情。”
        '),
 (831,3442220,'利维尔的老婆',' 这玩意都不能称之为纪录片，只能算是反捕鲸那一方的宣传片。你去爱你所爱的，我去吃我想吃的，把其上升到人性与否的高度就有点扯了。如果有日本人拉着队伍进美国的猪牛鸡屠宰场捣乱，美国人会不会满头黑线？
        '),
 (832,3442220,'横折弯勾',' 当Ric把屠杀海豚的视频绑在胸前闯进OPS的大会现场时...我的泪喷涌...
        '),
 (833,3443389,'何詩詩',' 看得我难受死了 妈的 傻逼人类吃啥鱼翅啊
        '),
 (834,3443389,'艾小柯',' 摄影加一星。影片本身缺乏凝聚力，几乎为单纯的影像展览。
        '),
 (835,3443389,'珍妮的肖像',' 节奏舒爽到我都盹着了一会儿，醒过来后一片黑暗的剧场里，一个小孩子问：爸爸，这深海里我没看到怪兽~~~父亲答道：真正的怪兽是人类。

        '),
 (836,3443389,'爱民',' 没有奇观，没有科教，没有故事，什么都没有。
        '),
 (837,3541415,'Mr。King',' 一部电影好看到即使你明白它在故弄玄虚也是义无反顾的打五星。
        '),
 (838,3541415,'。',' 这电影看完就开始怀疑人生了，类似的还有《蝴蝶效应》《骇客帝国》《心慌方》《无姓之人》《攻壳机动队》《楚门的世界》等等……其实我突然觉得这一类题材影片的鼻祖明明就是动画片《魔方大厦》啊，郑渊洁威武。
        '),
 (839,3541415,'鱼儿',' 一部影迷一定不要错过的电影，就像帝国杂志说的，这部影片就像是《黑客帝国》加上《纽约提喻法》，反物理学的探讨、精彩的动作场面、具有冲击力的情感、以及莱昂纳多令人吃惊的表演，都让人沉迷不已，这是诺兰电影的一个全新领域。
        '),
 (840,3541415,'法海爷爷',' 诺兰+莱昂纳多的电影，我无话可说！
        '),
 (841,3742360,'李咬金',' 我就不感冒！
        '),
 (842,3742360,'摩西不夜奔',' 姜文的个人英雄式表达，但拍得流畅热闹，复杂的剧情细节之下，是他坚持的自我，但与鬼子来了相比，他更懂得如何掩藏自己挑战的野心，这些野心都掩藏在了一流的喜剧功夫上。
        '),
 (843,3742360,'张小北',' 叉着腰！牛着屄！嗨起来！
        '),
 (844,3742360,'关节炎',' 民变匪匪变民匪变官官变匪，《血酬定律》是剧本。透！透！透！边喊边搞边把鼓儿敲，山西人说，那个字的意思就是操。想换我五代家产？新中国几代老大？不算不知道。蔑视暴民，但要散钱发枪分田地打土豪。几张熟脸，狂下猛料，不好意思不笑。这么文艺也叫商业制造，为你由衷骄傲。
        '),
 (845,3792799,'痰盂猛鬼',' 突然觉得吴君如如此美丽.
        '),
 (846,3792799,'喜觀',' 人生总是一日难，一日佳。
过去的总归是好日子。
        '),
 (847,3792799,'昏金暗玉',' 它讲述了一个前途光明的年轻人死于绝症的故事……煽情处是编剧精准计算的，但小孩子的演绎天然发挥让煽情真实好多。黄金一样的色调和过去情怀，其实不需要死亡也可以表现出岁月流逝的伤感和来日可追的信心。
        '),
 (848,3792799,'Connie',' 主线太俗套，全靠细节、意象和所谓香港精神支撑。最后小弟弟扔掉英国国旗为了“同亲人重逢”，还真tmd和谐
        '),
 (849,3793023,'熊阿姨',' 受不了了三个小时！！！墨迹的必须快进
        '),
 (850,3793023,'Super小麦',' 阿米尔·汗你是个天才！！！
        '),
 (851,3793023,'Asånant',' 第一次完整看完一部印度片。中国不如。
        '),
 (852,3793023,'妖灵妖',' 它又吵又闹、又臭又长，但我想不出什么理由不给它五颗星。
        '),
 (853,4023638,'袁景',' 今年奥斯卡最佳影片 一定！！全中国我第一个说！
        '),
 (854,4023638,'彌張',' 整部片子弥漫着严谨庄重的英伦风，斑驳的墙壁加上旧旧的沙发，每个场景都非常美，海伦娜回归优雅，科林一如既往的气质逼人，还有不能忽视的Lizzy。最后的演讲感觉整个人都悬空了，极具神圣的原声，冷静又沸腾。鸡皮疙瘩一身啊。这是一部完美到无懈可击的作品。
        '),
 (855,4023638,'TORO VAN DARKO',' 影片从摄影配乐到表演等各个层面浑然一体无懈可击，整体质量若与《社交网络》正面交锋也绝不示弱，并还更显大气的王者风范。科林的表演是我心目中的年度最佳，没有之一。他细腻并精彩的诠释了这个暴躁高傲但内心孤独脆弱无奈的王者。而这场对抗自我的角力，也是每个人一生中都该取得胜利的战役。
        '),
 (856,4023638,'Doublebitch',' 无话可说，只差起立鼓掌了
        '),
 (857,4202302,'迦拉夏',' 刚去看了回来，音乐实在太赞了！
        '),
 (858,4202302,'館長；',' 阿莉埃蒂爬房顶那段的配乐好似模拟人生中世纪啊。。。另外这找人桥段太坑爹了吧！！！！为什么径直就往厨房去了！！！老大哥的指引么亲！！！为什么阿莉埃蒂喊那么大声春姨会听不到！！！翔那么轻声说要吃曲奇都能听到！！从阿莉埃蒂和翔平时对话的音量来看，基准根本是一样的吧！！！

        '),
 (859,4202302,'阿翮',' 吉卜力的动画里，总有个坚强的姑娘。最后送别时阿莉埃蒂摘下发卡，栗色的头发飘起来，她把它送给翔，说把它带在身边，翔微微睁大眼睛。我就是在这个时候，掉下了眼泪。阿莉埃蒂也掉下眼泪。一年多以来几乎没有什么戳中我泪点的电影。少女说“你保护了我，很开心。”而少年只是轻声呼唤着少女的名字。
        '),
 (860,4202302,'偏时差',' 不大好看……
        '),
 (861,4268598,'mimida',' zhuang bi!!!!!!!!!!!!!!
        '),
 (862,4268598,'桃桃淘电影',' 等本片有下载的时候一定会有不少恶评，与以往的中岛哲也完全不同，大量的特写与高速慢镜的运用，全片好似分段式MV，情节上各种意识流似的拼贴。导演视乎在还原一种心理动作。谈不上非常喜欢，但却仍想赞一下。
        '),
 (863,4268598,'萨库拉',' 华丽的中岛哲也阴冷起来照样动魄惊心。高速摄影、高反差、舞台光、后视镜中的扭曲，营造一个非常态的世界。其实这何尝不是绝望人生的常态呢。很喜欢天才儿童告白之前的部分。问问自己的心，年少时谁没有施加过冷暴力和没有被施加过冷暴力？从来都不是人之初性本善的想一想真是无力至极。
        '),
 (864,4268598,'kskxxx',' 一个母亲的复仇，一个畸形的社会。|一星党，我看你们才是这各种装逼。
        '),
 (865,4739952,'六兔',' 一场强大的暗恋背后其实还有另外一场相反的暗恋
        '),
 (866,4739952,'暹罗copen',' 观影的两小时我宛如走入时光隧道，我仿佛看到当年那个冲动的愣头小子，只为心爱的人能看自己一眼而做出的种种傻事。对我来说，《初恋这件小事》不只是一部电影，还是一段值得永远珍藏的回忆。
        '),
 (867,4739952,'蘑菇™不开花',' MLGB，同样是暗恋，哥只能换回“其实你是个好人”
        '),
 (868,4739952,'顾小贝',' 不是每个丑小鸭都会变成白天鹅，但每个丑小鸭都会倾心的爱过
        '),
 (869,4798888,'城南草木生',' 最后弄了个颁奖仪式，也太老套太狗血了，尤其小孩子举手发言那段很社会主义
        '),
 (870,4798888,'Peggie',' 这部电影让我感动不是主角虽然身残依然志坚，是一个社会对残障的尊重和宽容，没有他小学的校长也不会有以后追逐梦想的科恩。有学校愿意请他做老师，家长放心的把孩子交到他班里，孩子们尊重他，这些默默的人的宽容，让我感动至极。
        '),
 (871,4798888,'战国客',' 男主的微笑太迷人！
        '),
 (872,4798888,'幸福超市总经理',' 自强不息者，最终赢得世界
        '),
 (873,4917726,'KikoMo☀',' 但是，如果她们都没有钱，故事还能顺利的展开、完美的收场吗
        '),
 (874,4917726,'真理与和谐',' cogida、左胸上的吸盘，你俩就是一对儿边在墨西哥搞基边用吸盘吃仙人掌的傻逼！！★★★★★★★
        '),
 (875,4917726,'怒放的生命',' 除了无聊实在找不出更加合适的词汇来形容这部电影。
        '),
 (876,4917726,'刘绿洲',' 五星佳片！一部人生的缩影！
        '),
 (877,5322596,'弄臣',' 你们都理解错了电影主旨好么！大叔最终抱得瘦萝莉，胖妞只有服毒自杀。其实这是一部减肥励志片好么！
        '),
 (878,5322596,'亚比煞',' 少年时，我们都自私无知，夸张那些伤痛来当作放纵的借口。只知依赖不知自救，只知索取不知珍惜。打架，滥交，还自以为是看透了生命，绝望的很酷，其实肤浅的令人发指。孩子，什么时候你开始沉默的承受加诸你身上的重量，尊重它并与它和平相处，你才真的能称为一个大写的人。
        '),
 (879,5322596,'彌張',' 我们不一样，我们都一样。
        '),
 (880,5322596,'Hey Johnny',' 孤独感无力感痛彻心扉…… 真正触到心底的电影，很久没有这么毫不犹豫给一部片子5星了。电影试图将视角多元化，并且真正将每个角度都刻画得细致入微，引发共鸣和思考，些许压抑却不觉沉闷实在值得夸奖。
        '),
 (881,5908478,'暗黑料理厨师长',' 對不起，我是個膽小鬼，沒有妳我怕活不下去。
        '),
 (882,5908478,'给我只熊猫',' 催泪弹！这是目前让我哭得最凶猛的一部片子了，一个人在家对着电脑哭得一塌糊涂。。。还不是默默流泪，真哭出来了。。。孤独太让人害怕了！！！！！！
        '),
 (883,5908478,'Pano',' 用力有一点点的··过猛····
        '),
 (884,5908478,'玉子',' 我曾经也想那样老去
        '),
 (885,5964718,'TORO VAN DARKO',' 两个平凡的家庭被卷入了一场谎言与真相，道德与信仰的风暴，片尾法院走廊上的夫妻俩中间隔着破碎的大门，看似能轻易跨过却实则深如鸿沟。人与人之间的理解和包容总是这样触不可及。影片始终让观众跟角色们一起处在焦虑怀疑矛盾的情绪之中，直到字幕出现都仍在等待某种答案。或许这本就是一道无解之题。
        '),
 (886,5964718,'LORENZO',' 2011柏林金熊奖得主，2011年第一部上榜IMDB250的电影。很客观真实的电影，关于伊朗人民的信仰、生活以及感情。故事点到为止亦不过分，表演也纯熟自然，开放式结局耐人寻味，戏剧冲突也坚实有力。拿金熊不过分。十佳备选。自制字幕：http://bit.ly/s88Fpr 
        '),
 (887,5964718,'婴儿葛葛',' 不得不说，近两年的金熊作品，质量都没法跟戛纳威尼斯比。这种故意展现伤痛让人看的作品，实在没有高段到哪里去。
        '),
 (888,5964718,'NY',' 感想如下：
11岁正是矫情的时候。
至少人家有道德底线。
阿拉伯世界的故事都要这么一大家子又哭又闹吗？
这么个破事拍成电影！
男人的理智其实没有错。女人的执著也无可厚非。
恕我没能看出影片背后的深刻含义。
深刻不是这么个玩法的。
以上均个人意见。
        '),
 (889,5989818,'凉',' 时间停止在阿金消失的那个夏天，一生一次的拥抱放在回忆里不会变老。
        '),
 (890,5989818,'之弦',' 一点都没失望( >﹏<。) 真是发自内心的喜欢又痛恨这个故事！
        '),
 (891,5989818,'工口工口小黃門',' 银发的狐面少年 夏日 花火 浴衣 隔着面具的那个吻 终于能够拥抱到你了阿金TAT 内山的声音好温柔 从开始就等着虐心的结局呜呜呜我又得内伤一天了 
        '),
 (892,5989818,'竹子哟竹子☆',' TTTTvTTTT ←只有这个表情
        '),
 (893,6146955,'7!1107us!0Ro0n',' すきやばし 次郎(銀座店) 
　　 地址:東京都中央区銀座4-2-15 塚本ビルB1楼 
　　 电话:-35353600 
        '),
 (894,6146955,'欧米',' 按中国人的思维，出了名，该是赶紧开分店，自己退居幕后做老板——『终于熬出头了』。但别人不是的，上午领了大奖，晚上就回店捏寿司。这就是日本人值得尊敬，也该我们学习的地方。
        '),
 (895,6146955,'狷介有乌青',' 大和民族真是一个认真到让人害怕的民族，这种简单、极致与近乎苛刻的严谨或许就是他们民族精神的一种缩影。
        '),
 (896,6146955,'小羊儿',' 一部新时代洗脑宣传广告片，作为美食片缺乏知识，作为纪录片缺乏内容。感觉就一老头子在那里神吹他的寿司有多好。我反而对父亲的俩儿子内斗比较有兴趣。
        '),
 (897,6307447,'Doublebitch',' 昆丁稍微一用心，就足以窃笑着俯瞰众生。我觉得他最牛逼的一点是可以让所有大牌演员在他的电影里集体迷失自我，并被注入昆式狡黠腔调。当然，这种腔调不仅仅是表现在角色身上，配乐、运镜和台词通通昆丁范儿，乖、贱、粗暴、不可复制。Who''s the nigger? D-j-a-n-g-o,D不发音。
        '),
 (898,6307447,'艾小柯',' 疯也不够疯，血腥就是血腥，没有美学；邪也不够邪，从主题到叙事执行到镜头安排都标准正统；范也不够范，没有《大地惊雷》的侠义道，也没有《黄金三镖客》的神级配乐。这恐怕是最平庸的一部昆汀。Christoph Waltz倒是一贯精彩，松弛、留白、收放自如。3.5星。
        '),
 (899,6307447,'芥末蘸酱',' @时代飞越~ 2013.05.18 其实说起来有些小失望的.
        '),
 (900,6307447,'妖灵妖',' 本来准备给4星，后来看到豆瓣著名女影评人说此片「没有美学」，于是果断5星
        '),
 (901,6534248,'CyprienInk',' 迪士尼的华丽逆袭！
当拉尔夫落向可乐山，耳边响起坏蛋宣言的时候，即使我已经猜到了结局依然被感动到一塌糊涂……
                
                
        '),
 (902,6534248,'北纬30.1',' 不好看！水军！？此片若8.8分，让驯龙记8.7分情何以堪？？！
        '),
 (903,6534248,'ev0',' 这难道不是Pixar出品的吗？
        '),
 (904,6534248,'CyberKnight电子骑士',' 非常过瘾。大反派破坏王为赢得尊重跑到另一个游戏里冒险，各种奇遇和阴谋危险。。。故事紧凑精彩，画面非常绚丽漂亮。游戏背后的世界勾起我们的童年回忆，充满对老游戏的致敬，有点初次看《怪物公司》的感觉。情怀深度故事画面样样不差，个人目前的年度最佳动画，颇有奥斯卡相！
        '),
 (905,6786002,'LORENZO',' 我想每个人都至少有这么一个挚友，你和他/她在人生的拐点遇到，惊叹于彼此的不同或者相似，有过不少平淡无奇却值得纪念的时光，ta会将心比心，为你的哀伤扼腕，为你的快慰击节，更会在ta的心里，为你留下那么一块永恒的位置，任白云苍狗，风云变幻。 
        '),
 (906,6786002,'琦殿',' 但你们真的好容易被感动哦。
        '),
 (907,6786002,'psycho DC',' 黑&白，老&少，超越种族和阶级的友情，感人至深的温情，细腻动人的剧情，以及极赞的电影配乐，不禁让人想再次回味...
        '),
 (908,6786002,'弗朗索瓦张。',' 看预告片还觉得这么老套。没想到这是我第一次在法国看到数次笑出声的电影，第一次全场满座我买到最后一张票的电影，第一次看带字幕的法语电影(聋人专场)，没想到摄影如此唯美合我胃口，没想到难舍基情如此动人。你们懂的。尤其是最后换谁都不要的那段，简直了。PS:白人男主角像张国立。
        '),
 (909,6874403,'生煎馄饨秃子',' 通过一首歌就听出男友出轨，恋爱中的人果然个个心思细腻如神探。几场街演好喜欢，詹胖子好萌。KK大概只有听歌声才像个妹子，说话时的血盆大口能忍就忍了，但唱歌时候注意一下表情管理啊【笑cry
        '),
 (910,6874403,'云中',' 看得几次想走，但有些片段又让人能看下去。这片跟醉乡民谣的差别在于，这个是真小清新，那个是扮小清新。这个貌似痛苦其实不过生活调剂，那个貌似自由其实苦不堪言。
                
                
        '),
 (911,6874403,'匡匡',' Keira Knightley的衣服真好看，穿出一种闲闲的、不用力过猛的精致。平胸果然是王道，轻盈、削薄、纤细…像未发育起来的小女生，又像清秀版的小男生。只要不用那著名的下巴颏演戏，KK也不是很讨厌嘛。Mark Ruffalo这只卷毛，每次出来我都想让女猪脚跟他滚床单否则不能尽兴究竟是什么心理。
        '),
 (912,6874403,'茶杯里的猫。',' 电影给4星，歌曲加一星。原声带真的是要进入本年度最佳电影原声候选了。
        '),
 (913,6985810,'文西',' 其实小孩子最邪恶，因为他们完全不知道行动的后果。  
        '),
 (914,6985810,'我做导演不为艺术只为潜规则',' Mads Mikkelsen被冤枉以后变成汉尼拔报复社会了
        '),
 (915,6985810,'安非',' 天真无邪才是最大的邪，童言无忌才是最大的忌，天使有时候才是恶魔。能说出口的委屈都不叫委屈，最大的委屈是承受不白之冤还百口莫辩。
        '),
 (916,6985810,'大奇特(Grinch)',' 童言无忌的威慑力足以将成人置于死地，但更怕的是人言可畏的成人世界，一味愚蠢、盲从、暴力，善良的猎人最终变成众人眼中的猎物。
        '),
 (917,10463953,'boyinthehood',' 太惨了，做人怎么能这么惨，惨得我和女士看完电影坐在椅子上一边擦眼泪一边思考了五分钟人生，上一次哭成狗的lgbt电影还是断背山。现在终于感觉，一个很厉害的人过得很惨，比一个很惨的正常人丧多了。
        '),
 (918,10463953,'对方正在输入.',' 看完之后才理解为什么学校的数学楼叫alan turing building，为什么工程学院的咖啡馆叫enigma cafe
        '),
 (919,10463953,'马二水',' 顶多三星，韦恩斯坦想模仿国王的演讲，砸了
        '),
 (920,10463953,'阿若',' 1最佳soul mate是去掉性吸引力 你仍是完美伴侣  2唯一爱你的方式，是建造一部解决人类所有问题的机器，冠以你名。 卷福又上升了一个新高度，演绎淋漓尽致  结巴天才四星半
        '),
 (921,10533913,'陀螺凡达可',' 皮克斯第一部没有反派的动画也是其最大胆的作品。整部影片在给孩子看的低龄冒险故事之下，满是只有成年人才能体会到的源自生活的非凡想像力和创造力，核心记忆，个性小岛，抽象空间，造梦制片厂，潜意识监狱，遗忘深渊... 而一如既往的欢笑与感动更使之成功挤进皮克斯TOP之列。
        '),
 (922,10533913,'翻滚吧！蛋堡',' 果然想象力爆棚！最惊喜的倒不是五种情绪的互相作用，而是对影响性格与情感的个性之岛、核心记忆、抽象思维、造梦工厂影像化的呈现。记忆废墟的设定太催泪了，那些被遗忘的曾经和所有崩坏的岛屿，就是我们成长的代价。
        '),
 (923,10533913,'É',' 简直不得不佩服这把各种情绪拟人化的想象力，超乎想象的完美诠释！各种情节人物关系的转变，到成长后懂得的复合情感，简直连最后猫狗的头脑都描绘得太形象，那个曾经第一的Pixar终于回来了。
        '),
 (924,10533913,'钾碳铀氟',' 【A+】翻译成《阴塞道/进进出出》真是够了…这部探索“脑洞”的动画新意十足，重回最高水准的皮克斯用它成熟而独特的叙事节奏牵引观众的内心，成长道路上的阵痛与迷茫最终迸发，模糊的泪光中看着片尾字幕：谨以此片献给我们的孩子，请永远不要长大。皮克斯正是在用它孩童般的心灵带给我们始终的感动
                
                
        '),
 (925,10577869,'旺财博士',' 1、三观够正，道理积极；2、故事想法很有意思；3、原声配乐很好听；4、剧本有问题，过度弱化冲突，故事本身除了舒服外没有说服力，life is much harder；5、太多旁白只说明剧情推进的乏力；6、镜头不时莫名其妙地晃；7、片子质量有三分，给到四分是私心
        '),
 (926,10577869,'匡匡',' 呵难看睡了。这年头一提鸡汤人人厌弃。可看看这种纯鸡汤在豆瓣8.7分的待遇，还是很红火嘛，可见反鸡汤反得多矫情。打打温情牌，记记流水账，摆几段说教，大堆bug编剧导演自己都一脑门子绕不清。建议高分党去补课70年前开创穿越片类型的经典喜剧老片<生活多美好>，人家也是讲爱情、讲亲情、讲人生意义。
        '),
 (927,10577869,'Richard Bao',' 编剧的笔尖犹如乐团指挥家手中的棒子，弹指之间，我们的欢笑与泪水全然失控。每一首配乐，每一段对白，都是如此触动心弦。
                
                
        '),
 (928,10577869,'木卫二',' 以为它是软科幻片，结果一开始的感觉，它是个喜剧片，紧接着你发现它是个爱情片，然后你发现它个伦理片，最终，你发现它是鸡汤片。不可否认，这鸡汤还是挺美味的。
        '),
 (929,10777687,'贝塔先生',' 我们目击的事实，往往只是浮出水面的冰凌，冰山下面的巨大事实，更排山倒海穿透视听。
我们直面的人生舞台，也许只是化蝶幻影，层层垂帘般幕后的故事，更震撼世道人心。
        '),
 (930,10777687,'猫叔Mack',' 剧情太科幻，煽情有点过。只是感叹这题材我们拍不出来，因为我朝没有冤假错案。
        '),
 (931,10777687,'亵渎电影',' 每次看到这样的韩国电影，我都会感叹人家电影工业化的高度和成熟，在标准化的工业流程之外，还有一部相当韩范儿的犯罪主体。其实这片子倒没什么煽情的，导演似乎在这方面很克制，就是憋着为了最后的情感爆发，美式的残障励志遇到韩式的残酷法制犯罪，再完美可惜也终究还都是套路牌。★★★☆
        '),
 (932,10777687,'A L E X',' 连着看韩国电影果然可以产生韩式煽情抗体。。。戳不中了orz
        '),
 (933,10808442,'影志',' “我虽努力，却难于去亲近自己心爱的人”经历了平淡、争吵、否定、相濡以沫所有最真实的感情状态，18年过后，最难的是仍对彼此保有激情。上一次看到这么纯粹的爱情电影，还是九年前。伊桑朱莉理查请你们9年后准时回来，哪怕拍不动了、聊不起了、原地静坐90分钟，也好啊。
        '),
 (934,10808442,'玑衡',' 大家都是好评啊……为什么啊为什么……为什么没有人和我一样失望极了啊？我十分希望看到的是和before sunrise, before sunset一样的纯爱片，而不是这种大吵架大打架，桥段老套，孩子一堆的中年危机片……如果这部电影只有他们行走在遗迹里的那段，我会给五星的好么。
        '),
 (935,10808442,'亵渎电影',' 他们的爱情一直让我想到哈利对莎莉最后的表白，“如果你知道自己想和谁一起度过余生，你会希望余生开始得越早越好。”十八年，从相遇相爱到这一部中被生活历练过的爱，柴米油盐和时间没有磨平爱情，反而让爱变成了一种习惯，太了解彼此，于是越来越难戒掉。期待九年后的续集了！★★★★★
        '),
 (936,10808442,'艾小柯',' 夫妻生活间的微小细节，无边无际的烦恼和烦恼中也不肯放手的爱，美中折射丑的侧面，丑中映射美的光辉。18年前的浪漫，9年前的真挚，终于走向今天的真实。Bravo！To the imperfect, self damaging, self redeeming, utterly twisted vulnerable yet brilliantly beautiful and strong, ephemeral love!
        '),
 (937,11026735,'时间之葬',' 视觉和设定都没什么新意，叙事就更不用提。如今真是一萌遮百蠢
        '),
 (938,11026735,'FRANK',' 目标观众群体：学龄前儿童。
        '),
 (939,11026735,'桃桃淘电影',' 现在的动画都以卖萌为主题了，比如这里的大白，大概是一个萌熊的体验，或者是会移动的超大棉花糖，这也成为本片主要卖点。影片将迪士尼与漫威结合，人物设定与动作场面确实很漫威，很美漫超级英雄。而主题却还是迪士尼的亲情与成长之类的东西。斯坦李仍有客串，果然不放过每部漫威。
        '),
 (940,11026735,'Sigmund Fraud',' 三番和东京，动画和机器人，樱花和Caltech，我们的城市我们的大学我们的专业，这部片子对我的意义不一样，我真的惊。呆。了。对最近在想皮肤材质和场景建模和粒子特效的我也格外有教科书的意义。再见Monster Co，你现在排第二了！（DC在这个我所看过的最彩的彩蛋里被Marvel黑出翔~~~！！！！
        '),
 (941,11525673,'弗朗索瓦张。',' 自从天使爱美丽之后似乎就早已看腻了这种游戏形式的电影，再美的摄影和美术似乎也不再能吸引我。整个片就像里头那个甜点，有一种甜腻了甜恶心的感觉。故事简单人物脸谱化单薄无趣，看不下去中间几乎在影院睡着。说是向老片致敬但从头到尾把对称构图用到吐，相比之下这方面还是the artist比较高明些。
        '),
 (942,11525673,'鸟仔',' 四重讲述空间，层层递进，宛如俄罗斯套娃。依次揭开，掏出一个如万花筒斑斓的昨日世界: 单线故事情节串起性格迥异的众多出场人物。场景切换如同梦境接力。现实与虚幻交织，严肃与荒诞同存，甜美和苦涩共生。整体观感相当有趣又十分充实。最后必须咆哮一句，满屏的演技帝甜得简直人神共愤！
        '),
 (943,11525673,'文文周',' 刺激的色彩，独特的人物，湍急的镜头运动起飞的节奏，停不下来的爽与赞。对于这样的导演，不论多么细微的角色，演员都会愿意接受，因为最细微的角色，也有足够的个性，让观众记住。
        '),
 (944,11525673,'水怪',' 资本主义帝国饭店史的欢畅淋漓，大饭店地下联盟党统治世界。
        '),
 (945,21318488,'L''automne',' 后半段我一直期待有更惊喜的东西，可惜没有。
        '),
 (946,21318488,'我不是盆栽啊',' 酷到不需要朋友。一个狗咬狗的故事，没有人是无辜的。喜欢男主问为什么我们要毁掉对方互相伤害的时候女主面无表情的答因为这就是婚姻。结局啊结局，我原本以为两个人中终究会有一个杀掉另一个，没想到是一个更加恐怖的结局。
        '),
 (947,21318488,'芦哲峰',' 爱人不见了，千夫所指。爱人回来了，万丈深渊；婚姻是一袭华美的袍，这是面子。爬满了虱子，这是里子。
        '),
 (948,21318488,'RKO',' 人渣大战
        '),
 (949,21360417,'林三郎',' 能在自己国家的银幕上看到《恐怖直播》的公民是幸福的。
        '),
 (950,21360417,'陈大乘',' 韩国人要逆天了,即使一听就知道那不是50岁男人的声音，即使任谁也安装不了如此犀利的炸弹
        '),
 (951,21360417,'Panda的阴影',' 还是那句老话，天朝现在就是制作不出这样的电影。（虽然知道不可能，但要是结尾打上根据事实改编就给五星了！）
        '),
 (952,21360417,'白发生',' 故事敏感，扣人心弦；节奏紧凑，毫无尿点。又一场封闭空间里个人表演的精彩呈现，又一次感受韩国犯罪题材影片所带来的冲击与震撼。政治的阴暗、媒体的嘴脸，这些元素如此熟悉，然而每次出现都不会觉得厌倦。如果是你，将会作何选择？
        '),
 (953,21937445,'郝丽',' 韩国前总统的故事而改编的。作为一个外国人，坐在韩国的电影院里听韩国人讲诉什么是正义，什么是爱情主义，什么是民主与自由。而对于我来说，有一天中国也有这样一部随意评论政治人的电影可以被上演，那么已经是民主。
        '),
 (954,21937445,'PsychoBabble',' OMG，这尽然是一部处女作。有瑕疵，但已经很棒了，思密达。被宋康昊那神演技弄得几度落泪，与其说是煽情，我倒觉得这就是演员发挥出来的功力见效了，入心。故事很有嚼头，真实事件改编，韩国军事独裁到宣扬民主的一个转折。结尾哭成傻逼了。另，韩影和韩剧真是出自同一个国家吗？Come on...
        '),
 (955,21937445,'木卫二',' 只有更卖力地骂内地院线片了。原来是改编了卢武铉的故事，法庭戏倒是一般，煽情没错，但合理性和逻辑性似乎不太够，结尾超级感人。宋康昊曾用那双大小眼注视着银幕观众，如今，又是直面冷血暴力机器，非常之动情
        '),
 (956,21937445,'弥赛亚代言人',' 看着演技之神倾力贡献这样一部充满力量和信念的片子，本身就值回五颗星了，虽然片子拍面部特写太频繁了点儿，但因为对象是宋康昊，所以真的不能算是缺陷吧......至于故事和题材，除了震撼无话可说，我们只有羡慕嫉妒的份儿，毕竟，人家是用电影去改善制度，而我们，只是用制度来审判电影......
        '),
 (957,21937452,'猫叔Mack',' 1、真实事件改编太惨了；2、查了一下“人工肛门”更惨了；3、看了判决简直虐死了；4、温情和疗伤加分；5、年度韩式催泪第二弹（第一弹“7号房的礼物”）；6、那么点一个西瓜竟然两万块（折合￥114）
        '),
 (958,21937452,'朱大多',' 爸爸知道女儿介意排便器的塑料声为她准备装满塑料包装纸的糖果小包，女儿知道一直跟着身后的可可梦是爸爸。
        '),
 (959,21937452,'妙丁丁',' 看完真的很生气，一部充满“你受伤了大家就会对你好的”这种鬼话连篇的负能量的片子! 尼玛连小女孩回到学校同学的反应都没敢细讲，你当拍童话呢？如此简单草率的写“心灵创伤、治愈、往前走”，你把沉甸甸的被延展、碾碎的痛苦都往哪儿搁？
        '),
 (960,21937452,'贝塔先生',' 泪流满面。
        '),
 (961,24750126,'匡匡',' 年度撕逼大戏，颁奖季最好也最好看的外语片之一。丛林心态下，所有的人都是animal，所有的故事都是蛮荒故事。精彩翻转，虽癫狂，细思却并不意外，生活实际的样子，远比这荒谬得多。某种意义上，<消失的爱人>是喜剧，<蛮荒故事>却是悲剧。因为前者是刻意的虚无，后者是真实残酷的白描。
        '),
 (962,24750126,'同志亦凡人中文站',' 这片和“天注定”的最大区别，就是我们只剩下填充胸臆的戾气、而阿根廷还保留着无政府主义的癫狂。同样是故事拼接，“四个月亮”导演该好好看看这片...
        '),
 (963,24750126,'木卫二',' 碎片化的形式，有点像之前罗马尼亚一堆人鼓捣的《黄金时代的故事》，只不过这边是一个人拍的。观感挺不错，但说“经典”，还远远称不上。即便有的碎片很完整很精彩，像公路恶斗。也有作到死的相爱相杀，文青们的最爱。可是，终究缺乏一个形式上的统一，并且太容易分出高下。
        '),
 (964,24750126,'Lycidas',' 除了ICBC植入广告外感觉可以满分，片头出字幕那段+全片配乐太牛逼了，bombita这段开始随着灯闪听到gustavo santaolalla标志的吉他声我激动到浑身打颤全面炸裂！喜欢台译片名，感觉抓到了精髓。阿根廷电影绝对西语世界的良心，想看的演员都看到了还这么充满正能量太开心！！！
        '),
 (965,25662329,'多窜君',' 无论是人设，世界观，动画制作，还是剧本，都挑不出毛病来啊啊啊！！细节多到爆！！好幸福！！！！>w< 最难能可贵的是配角们的人物性格和形象设置都非常饱满（教父梗好惊喜>< ） 虽然是动画，但是剧本还是隐射很多人类社会的种族问题，以及政治两党上位之争的问题。另外我狐Nick的眼神是在太苏了TwT...
        '),
 (966,25662329,'影评终结者',' 完爆冰雪超能头脑，动物再次证明了动画片不止是给小朋友看的，而是全年龄段和世界级的，尖端数码特技、新意剧情、老梗新用搭配萌Q画风，乌托励志、搞笑温情、自然销魂、阴谋反转，用动物来映射人类，涉及种族歧视和两党斗争，无论从制作技术还是政治倾向或是社会意义来说，基本锁定今年奥斯卡最佳动画
        '),
 (967,25662329,'暹罗copen',' 哎呀呀~这些年来个人心目中的最佳动画竟然不是皮克斯出品。
        '),
 (968,25662329,'诗人橙子',' 绝对的好片子 裂墙推荐。实在是因为另一场满了…随手挑了这个片子。真是5分钟一小笑 10分钟哄堂大笑。看那个又懒又慢树獭简直要锤墙了。旁边法国妹子精辟的吐槽！看！这是我们法国人。我要憋到内伤了。最后散场大家都静坐着等着整首歌放完…五星好评。2016年度十佳。
                
                
        '),
 (969,25724855,'Jack_Dawkins',' 电影开场一个半小时：卧槽原来这孩子是男的！！！
        '),
 (970,25724855,'陀螺凡达可',' 后半段差了点，仍然是个不错的故事，主要是两个演员太棒了。某场戏太催泪，哭得不能自控。
        '),
 (971,25724855,'W3IQ7≯',' 在房间里你是我的全世界，走出房间也不会害怕，因为我们依然在一起…这句话是孩子说的，但同样适用于母亲，甚至可以说其实是孩子拯救了母亲！片子从孩子的角度出发，看似容易接受些，但实则更让人觉得残忍，男孩的独白好多地方直戳泪点，无耻弗兰克来演外祖父很出戏，最后这条线也不了了之了
        '),
 (972,25724855,'不留',' 多伦多人民眼泪奖吧。Room是牢笼，母子俩一直都在逃脱，前半部是身体逃脱，后半部是心理逃脱。前半部有噱头博眼球够精彩，母子第一次在外面世界拥抱时差点哭成傻货。但之后对心理上的转变的处理有点软塌塌，能感觉已经克制煽情，但试图从小孩儿的视角来描述心理上的微妙转变似乎难度过大，没拿捏好。
        '),
 (973,25773932,'匡匡',' 操你爹，特理解那些打一星的人。看得高潮迭起，又想竖起中指。SM的世界就是这样难懂——扛住折磨，本身即成为一种征服。而美好优雅的事物，往往却成就于狰狞的人。一个走火入魔，一个毁人不倦，师生两人互相操得难解难分、不能自已，真分不清是爱音乐、爱梦想，还是爱痛苦。今年的最佳男配就此出炉了。
        '),
 (974,25773932,'judy',' 我不否認在觀賞度上，這是部精彩的電影。剪輯犀利，節奏甚好，男主男配都有優秀演出。但是我不認同裡面所肯定的價值觀。亦即用肉體/精神虐待逼迫出來的人才是真天才，並認為這種"犧牲"是必要。我只能說那是終於找到男主可以互殺互陰配一對，但在那之前毀掉了多少個喜歡音樂又有才能的學生?
        '),
 (975,25773932,'亵渎电影',' J.k.西蒙斯应该能拿下男配！这片子的节奏感实在太棒了，爵士乐和剪辑简直融为一体了，还有西蒙斯机关枪版恶毒的台词，脏字就像鼓点一样密集且激烈，几场打鼓的重头戏在镜头上都是细碎古怪，靠剪辑重新赋予整体戏一气呵成且不断加速的节奏，可惜整部电影还是碎的，否则就真成大卫·芬奇了。★★★★
        '),
 (976,25773932,'Evan',' 第二遍看的观感落差略大……之前那种在紧张气氛下的恐惧感不在了，单靠剪辑节奏创造的强度也就少了许多魅力，倒是因为过于戏剧化的情节在心里不断减分。况且对这师徒俩哪个都没啥好感，真碰上这样的老师和同学大概恨不得一手弄死一个吧…
        '),
 (977,25807345,'文西',' 和来自地球的男人一样都胜在设计，往往在超自然的力量下面人类很容易暴露本性的缺陷，比如猜疑，鲁莽，自毁。这个电影在无数平行空间的外套下面，其实讲的是一个女孩，当她人生中的机遇都一个个逝去的时候，到最后她愿意付出任何代价去抓住最后一根救命稻草，甚至不惜去做一个替身。
        '),
 (978,25807345,'峰峰峰峰',' 镜头晃啊晃啊晃啊晃啊八个人叨逼叨逼叨逼叨逼停电了继续叨逼叨逼叨逼叨逼卧槽多重世界还是叨逼叨逼叨逼叨逼死人了杀人了昏倒了天亮了完全疯了~~~引入薛定谔猫实验，借着平行空间，用混乱叠加的时空展示量子力学理论或揭露黑暗人性都显得过于牵强。
        '),
 (979,25807345,'亵渎电影',' 这部电影在诠释著名的物理学假想实验薛定谔的猫，现在盒子被打开了，我们看到了多世界理论和一致性历史的诠释，最后也看到这和哥本哈根诠释的不同之处。我们以为这群在不同平行时空里乱掉的几个人会想法回到自己的时空，结果最后却是证明了理论的真实性，让片子彻底变成了神棍科幻片。★★★☆
        '),
 (980,25807345,'匡匡',' 不知道我还是不是我。睡一觉，过一晚，说不定旧我早已被此刻打字刷豆瓣的我杀死调换，因为据说梦是平行世界的记忆显现。把自己敲死挖坑埋了这种念头，估计谁都有过。总觉得会有个更好最好的自己，也是种心魔吧，得治。反正不管有多少个平行世界存在，我敢肯定，那些我不认识的我也都爱涮海底捞小肥羊。
        '),
 (981,25814705,'豆丁',' 吃货少女的自我修养，这种文艺腔调的东西看看就好，离农村的现实生活差距太大，真的要去农村干几天农活，我看没有几个能撑下来的。
        '),
 (982,25814705,'同志亦凡人中文站',' 画面很美，立意低下，一部满足城市观众好奇心的做菜大全。以猎奇心态拍日本乡间，电影语言接近零分。请氧气美女当主角显然是想把文艺青年吃得死死，这种直白的工心计怎么对得起这静谧的自然？好想操起“岁月的童话”就砸过来...
        '),
 (983,25814705,'朝阳区白百合',' 看着看着，突然觉得好难过....
        '),
 (984,25814705,'嘟嘟熊之父',' 劳作令人无暇烦恼，片中的人物时而离凡世很远，时而又触手可及。我们有舌尖上的中国，通篇累述奉献、感恩，手艺传承和文化气节，却没人教导我们劳作本身的意义。一屋一田一人食，已是最令人羡慕的事。
        '),
 (985,25814707,'薇羅尼卡',' 不认为这是部文艺小清新片，反而是让你懂得如何脚踏实地及敬天爱人。尊敬他人，尊敬你生活的这片土地，明白孤独是人生的常态。
        '),
 (986,25814707,'猫叔Mack',' 平静。2015下半年第一天，炎炎夏日就需要这样一部平静的电影。简单的美景美食，没有撕逼没有WiFi不用饭前开光发网上。
        '),
 (987,25814707,'小蛋蛋',' 多做一些好吃的，少讲一些大道理
                
                
        '),
 (988,25814707,'喂，叫我愤青!!',' 这妹子才是荒岛求生最佳技能王吧！
        '),
 (989,25917973,'木卫二',' 剧本挺有趣的，没有让三段式沦为中国电影常见的山寨故事。电影化处理上有所欠缺（无论一眼可见的演员表现还是画面处理），不知是不是受限于制作成本，不过，作为第一部，确实不错了。中国电影的未来，依然是在乡村和县城啊。
        '),
 (990,25917973,'大奇特(Grinch)',' 四星半，《罗生门》架构+《怪尸案》讽刺。麻雀虽小，五脏俱全。第一幕铺垫很满，后两幕循序渐进嵌套在整个宏观的时间体系内，体现了剧本结构的匠心。尸体的几经易主令人哭笑不得，也折射出社会的荒谬与生者潜藏的兽性，罪过只得靠祈求神灵来寻求庇护。父子鸿沟也在尸体的挖(进)埋(退)两难中找到了答案
        '),
 (991,25917973,'陆支羽',' 4.5。1.终于得见[殡棺]，乡村怪尸即视感，叙事结构值五星哈。2.所有秘密都不说出，每个时间节点都恰到好处，昔日看蒙吉[西方]也有类似感受。3.村长苦逼处境被一层层剥开，是全片最华彩部分。4.父子俩隔着棺材沉默站立，那一刻情绪超赞。5.对于风格尚欠、硬件粗陋的新导演来说，整体上可挑剔的不多。
        '),
 (992,25917973,'黑狗成',' 处心积虑拍电影和深思熟虑拍电影应该还是两回事，浓郁的故事会式恶意写作，命运无限可复制地进行交集，中国农村现实已被新一代“作者导演”们肢解得血肉模糊，你们越一命呜呼，我越是一鸣惊人，忻钰坤可能是只狐狸，但科恩奉俊昊是养狐狸的人。
        '),
 (993,5912992,'暴力大毛','他们有改变国家的电影，我们有改变电影的国家。'),
 (994,5912992,'qw-p','我们无法改变世界，但我们可以选择不被世界改变...'),
 (995,5912992,'阿巴厮','不说别的，光电影那股正义的力量，就足以让人沸腾。'),
 (996,5912992,'裂口饺','08年做毕业设计的时候查到的数据：在中国，每天有40多个相当于一个班的孩子非正常死亡，每天40个。'),
 (997,1417598,'青菜萝卜和豆腐','为嘛医生不用锯子够手机？'),
 (998,1417598,'satan ','有些疑问。医生为什么不用电锯把手机勾回来。。。而是选择锯腿。。。他老婆一直在打电话，但是为什么后来密室里的电话不再响了？'),
 (999,1417598,'Zephyrance','哦测那 哦测那 哦测那 哦测那 哦测那 哦测那 哦测那 哦测那 哦测那 哦测那'),
 (1000,1417598,'沉歌 ','期末考试前夜在全宿舍一起看的，看到锯腿的那段我们四个全把眼睛捂严了，“完了没”，“不知道”，“怎么都没人在看”，“谁去把声音关掉啦”……女生还是不要集体自虐比较好。'),
 (1001,1309027,'艾小柯','黑白与血红视觉效果的冲击，光影的运用'),
 (1002,1309027,'深海的心','6星。太喜欢了。Nancy很美。我依然那么爱Bruce。'),
 (1003,1309027,'K L E O','真的不是我喜歡的類型。'),
 (1004,1309027,'天亮天黑','没有色彩的暴力更让人浑身舒畅，喜欢各路硬汉，喜欢黑人大妞儿'),
 (1005,1300299,'我爱阳光','一部普通至极的电影，竟然能被吹成这样，影评人们忽然拥有了韩国80年代的记忆，竟然还能集体怀旧，请问你们八几年是多少岁？去过韩国吗？说情节扑朔迷离，说心理跌宕起伏，你们看过《告白》么？呵呵，还是不要看了，G点太低的孩子，告白伤你们不起。豆瓣装逼专用片。
'),
 (1006,1300299,'RIVERSDIARY ','还好柯南最后没出现'),
 (1007,1300299,'文泽尔 ','没有想象中好，可惜。一桩反复推倒重建的案子，一群被现实所困的无奈警察。本案并非是对推理及刑侦的发挥，反而是对刑警职业之无奈的宣泄。凶手确实是那个面无表情的年轻人（结合服装来分析），然而精液并非他的，因为这点就放弃，显得收尾太过草率了——迷信美国人的dna分析到这种地步，唉。'),
 (1008,1300299,'影志 ','那种抓不到、还被调戏的无力感'),
 (1009,1292000,'四维雨相 ','我看这个的时候才知道，电影可以这么牛B，一直到现在，重看最多次的电影。
'),
 (1010,1292000,'NocKeR ','记住了，这个导演的电影不看了'),
 (1011,1292000,'小斑 ','我又看了一遍，再次确认Ed同学从一开始就爱上Tyler同学鸟，经典的自攻自受啊。虽然两个都是金发，不过也就这一点不符合配对美学了，小皮跟Norton的cp还是很有爱的。尤其Norton同学那一脸禁欲小受样，典型的冰山美山啊……我要去找这两人的同人看'),
 (1012,1292000,'挥雨','工作不能代表你，银行存款并不能代表你，你开的车也不能代表你，皮夹里的东西不能代表你，衣服也不能代表你，你只是平凡众生中的其中一个');
COMMIT;
